RK_x,Player Name,Club1,Club2,Club3,POS_x,GP,MIN,PTS,FGM,FGA,FG%,3PM,3PA,3P%,FTM,FTA,FT%,REB,AST,STL,BLK,TO,DD2,TD3,PER,RK_y,NAME,POS_y,TEAM,SALARY
1,Russell Westbrook,OKC,,,PG,81,34.6,31.6,10.2,24,42.5,2.5,7.2,34.3,8.8,10.4,84.5,10.7,10.4,1.6,0.4,5.4,62,42,30.7,5,Russell Westbrook,PG,Oklahoma City Thunder,"$26,540,100 "
2,James Harden,HOU,,,SG,81,36.4,29.1,8.3,18.9,44,3.2,9.3,34.7,9.2,10.9,84.7,8.1,11.2,1.5,0.5,5.7,64,22,27.43,3,James Harden,SG,Houston Rockets,"$26,540,100 "
3,Isaiah Thomas,BOS,,,G,76,33.8,28.9,9,19.4,46.3,3.2,8.5,37.9,7.8,8.5,90.9,2.7,5.9,0.9,0.2,2.8,5,0,26.59,148,Isaiah Thomas,G,Boston Celtics,"$6,587,132 "
4,Anthony Davis,NO,,,PF,75,36.1,28,10.3,20.3,50.5,0.5,1.8,29.9,6.9,8.6,80.2,11.8,2.1,1.3,2.2,2.4,49,0,27.59,19,Anthony Davis,PF,New Orleans Pelicans,"$22,116,750 "
5,DeMar DeRozan,TOR,,,SF,74,35.4,27.3,9.7,20.9,46.7,0.4,1.7,26.6,7.4,8.7,84.2,5.2,3.9,1.1,0.2,2.4,5,0,24.09,6,DeMar DeRozan,SF,Toronto Raptors,"$26,540,100 "
6,Damian Lillard,POR,,,PG,75,35.9,27,8.8,19.8,44.4,2.9,7.7,37,6.5,7.3,89.5,4.9,5.9,0.9,0.3,2.6,11,0,24.15,10,Damian Lillard,PG,Portland Trail Blazers,"$24,328,425 "
7,DeMarcus Cousins,SAC,NO,,C,72,34.2,27,9,19.9,45.2,1.8,5,36.1,7.2,9.3,77.2,11,4.6,1.4,1.3,3.7,46,2,25.84,45,DeMarcus Cousins,C,New Orleans Pelicans,"$16,957,900 "
8,LeBron James,CLE,,,SF,74,37.8,26.4,9.9,18.2,54.8,1.7,4.6,36.3,4.8,7.2,67.4,8.6,8.7,1.2,0.6,4.1,42,13,27.11,1,LeBron James,SF,Cleveland Cavaliers,"$30,963,450 "
9,Kawhi Leonard,SA,,,SF,74,33.4,25.5,8.6,17.7,48.5,2,5.2,38,6.3,7.2,88,5.8,3.5,1.8,0.7,2.1,9,0,27.62,35,Kawhi Leonard,SF,San Antonio Spurs,"$17,638,063 "
10,Stephen Curry,GS,,,PG,79,33.4,25.3,8.5,18.3,46.8,4.1,10,41.1,4.1,4.6,89.8,4.5,6.6,1.8,0.2,3,9,0,24.74,82,Stephen Curry,PG,Golden State Warriors,"$12,112,359 "
11,Kyrie Irving,CLE,,,PG,72,35.1,25.2,9.3,19.7,47.3,2.5,6.1,40.1,4.1,4.6,90.5,3.2,5.8,1.2,0.3,2.5,8,0,23.09,34,Kyrie Irving,PG,Cleveland Cavaliers,"$17,638,063 "
12,Karl-Anthony Towns,MIN,,,C,82,37,25.1,9.8,18,54.2,1.2,3.4,36.7,4.3,5.2,83.2,12.3,2.7,0.7,1.3,2.6,62,1,26,168,Karl-Anthony Towns,C,Minnesota Timberwolves,"$5,960,160 "
13,Kevin Durant,GS,,,PF,62,33.4,25.1,8.9,16.5,53.7,1.9,5,37.5,5.4,6.2,87.5,8.3,4.8,1.1,1.6,2.2,23,1,27.68,4,Kevin Durant,PF,Golden State Warriors,"$26,540,100 "
14,Jimmy Butler,CHI,,,SF,76,37,23.9,7.5,16.5,45.5,1.2,3.3,36.7,7.7,8.9,86.5,6.2,5.5,1.9,0.4,2.1,15,2,25.19,36,Jimmy Butler,SF,Chicago Bulls,"$17,552,209 "
15,Paul George,IND,,,SG,75,35.9,23.7,8.3,18,46.1,2.6,6.6,39.3,4.5,5,89.8,6.6,3.3,1.6,0.4,2.9,11,0,20.3,32,Paul George,SG,Indiana Pacers,"$18,314,532 "
16,Andrew Wiggins,MIN,,,SF,82,37.2,23.6,8.6,19.1,45.2,1.3,3.5,35.6,5,6.6,76,4,2.3,1,0.4,2.3,1,0,16.62,162,Andrew Wiggins,SF,Minnesota Timberwolves,"$6,006,600 "
17,Kemba Walker,CHA,,,PG,79,34.7,23.2,8.1,18.3,44.4,3,7.6,39.9,3.8,4.5,84.7,3.9,5.5,1.1,0.3,2.1,8,0,21.41,86,Kemba Walker,PG,Charlotte Hornets,"$12,000,000 "
18,John Wall,WSH,,,PG,78,36.4,23.1,8.3,18.4,45.1,1.1,3.5,32.7,5.4,6.8,80.1,4.2,10.7,2,0.6,4.1,50,0,23.28,44,John Wall,PG,Washington Wizards,"$16,957,900 "
19,Bradley Beal,WSH,,,SG,77,34.9,23.1,8.3,17.2,48.2,2.9,7.2,40.4,3.7,4.4,82.5,3.1,3.5,1.1,0.3,2,1,0,20.21,15,Bradley Beal,SG,Washington Wizards,"$22,116,750 "
20,CJ McCollum,POR,,,SG,80,35,23,8.7,18,48,2.3,5.5,42.1,3.4,3.7,91.2,3.6,3.6,0.9,0.5,2.2,1,0,19.99,246,CJ McCollum,SG,Portland Trail Blazers,"$3,219,579 "
21,Giannis Antetokounmpo,MIL,,,PF,80,35.6,22.9,8.2,15.7,52.1,0.6,2.3,27.2,5.9,7.7,77,8.8,5.4,1.6,1.9,2.9,32,3,26.13,254,Giannis Antetokounmpo,PF,Milwaukee Bucks,"$2,995,421 "
22,Carmelo Anthony,NY,,,PF,74,34.3,22.4,8.1,18.8,43.3,2,5.7,35.9,4.1,4.9,83.3,5.9,2.9,0.8,0.4,2.1,7,0,17.96,9,Carmelo Anthony,PF,New York Knicks,"$24,559,380 "
23,Kyle Lowry,TOR,,,PG,60,37.4,22.4,7.1,15.3,46.4,3.2,7.8,41.2,5,6.1,81.9,4.8,7,1.5,0.3,2.9,11,1,22.92,87,Kyle Lowry,PG,Toronto Raptors,"$12,000,000 "
24,Klay Thompson,GS,,,SG,78,34,22.3,8.3,17.6,46.8,3.4,8.3,41.4,2.4,2.8,85.3,3.7,2.1,0.8,0.5,1.6,0,0,17.53,46,Klay Thompson,SG,Golden State Warriors,"$16,663,575 "
25,Devin Booker,PHX,,,SG,78,35,22.1,7.8,18.3,42.3,1.9,5.2,36.3,4.7,5.7,83.2,3.2,3.4,0.9,0.3,3.1,0,0,14.64,291,Devin Booker,SG,Phoenix Suns,"$2,223,600 "
26,Gordon Hayward,UTAH,,,SF,73,34.5,21.9,7.5,15.8,47.1,2,5.1,39.8,5,5.9,84.4,5.4,3.5,1,0.3,1.9,2,0,22.23,48,Gordon Hayward,SF,Utah Jazz,"$16,073,140 "
27,Blake Griffin,LAC,,,PF,61,34,21.6,7.9,15.9,49.3,0.6,1.9,33.6,5.2,6.9,76,8.1,4.9,0.9,0.4,2.3,19,1,22.71,28,Blake Griffin,PF,LA Clippers,"$20,140,839 "
28,Eric Bledsoe,PHX,,,SG,66,33,21.1,6.8,15.7,43.4,1.6,4.7,33.5,5.9,6.9,84.7,4.8,6.3,1.4,0.5,3.4,7,1,20.56,65,Eric Bledsoe,SG,Phoenix Suns,"$14,000,000 "
29,Brook Lopez,BKN,,,C,75,29.6,20.5,7.4,15.6,47.4,1.8,5.2,34.6,3.9,4.9,81,5.4,2.3,0.5,1.7,2.5,2,0,20.48,24,Brook Lopez,C,Brooklyn Nets,"$21,165,675 "
30,Mike Conley,MEM,,,PG,69,33.2,20.5,6.7,14.6,45.9,2.5,6.1,40.7,4.6,5.3,85.9,3.5,6.3,1.3,0.3,2.3,8,0,23.26,2,Mike Conley,PG,Memphis Grizzlies,"$26,540,100 "
31,Goran Dragic,MIA,,,PG,73,33.7,20.3,7.3,15.4,47.5,1.6,4,40.5,4.1,5.2,79,3.8,5.8,1.2,0.2,2.9,6,0,19.84,51,Goran Dragic,PG,Miami Heat,"$15,891,725 "
32,Joel Embiid,PHI,,,C,31,25.4,20.2,6.5,13.8,46.6,1.2,3.2,36.7,6.2,7.9,78.3,7.8,2.1,0.9,2.5,3.8,9,0,24.15,196,Joel Embiid,C,Philadelphia 76ers,"$4,826,160 "
33,Jabari Parker,MIL,,,PF,51,33.9,20.1,7.8,16,49,1.3,3.5,36.5,3.2,4.3,74.3,6.2,2.8,1,0.4,1.8,2,0,19.15,181,Jabari Parker,PF,Milwaukee Bucks,"$5,374,320 "
34,Marc Gasol,MEM,,,C,74,34.2,19.5,7.2,15.7,45.9,1.4,3.6,38.8,3.8,4.5,83.7,6.3,4.6,0.9,1.3,2.2,11,2,20.32,22,Marc Gasol,C,Memphis Grizzlies,"$21,165,675 "
35,Harrison Barnes,DAL,,,SF,79,35.5,19.2,7.6,16.2,46.8,1,2.8,35.1,3.1,3.6,86.1,5,1.5,0.8,0.2,1.3,1,0,16.34,17,Harrison Barnes,SF,Dallas Mavericks,"$22,116,750 "
36,Kevin Love,CLE,,,PF,60,31.4,19,6.2,14.5,42.7,2.4,6.5,37.3,4.3,4.9,87.1,11.1,1.9,0.9,0.4,2,41,0,21.18,25,Kevin Love,PF,Cleveland Cavaliers,"$21,165,675 "
37,Zach LaVine,MIN,,,SG,47,37.2,18.9,6.9,15.1,45.9,2.6,6.6,38.7,2.5,3,83.6,3.4,3,0.9,0.2,1.8,0,0,14.69,290,Zach LaVine,SG,Minnesota Timberwolves,"$2,240,880 "
38,Rudy Gay,SAC,,,SF,30,33.8,18.7,6.7,14.7,45.5,1.4,3.8,37.2,3.9,4.6,85.5,6.3,2.8,1.5,0.9,2.5,4,0,17.95,68,Rudy Gay,SF,Sacramento Kings,"$13,333,333 "
39,Dwyane Wade,CHI,,,G,60,29.9,18.3,6.9,15.9,43.4,0.8,2.4,31,3.7,4.7,79.4,4.5,3.8,1.4,0.7,2.3,2,0,18.55,12,Dwyane Wade,G,Chicago Bulls,"$23,200,000 "
40,Danilo Gallinari,DEN,,,PF,63,33.9,18.2,5.3,11.9,44.7,2,5.1,38.9,5.5,6.1,90.2,5.2,2.1,0.6,0.2,1.3,4,0,17.41,57,Danilo Gallinari,PF,Denver Nuggets,"$15,050,000 "
41,Kristaps Porzingis,NY,,,C,66,32.8,18.1,6.7,14.9,45,1.7,4.8,35.7,3,3.8,78.6,7.2,1.5,0.7,2,1.8,12,0,17.49,207,Kristaps Porzingis,C,New York Knicks,"$4,317,720 "
42,Chris Paul,LAC,,,PG,61,31.5,18.1,6.1,12.9,47.6,2,5,41.1,3.8,4.3,89.2,5,9.2,2,0.1,2.4,24,1,26.25,14,Chris Paul,PG,LA Clippers,"$22,868,827 "
43,Paul Millsap,ATL,,,PF,69,34,18.1,6.2,14.1,44.2,1.1,3.5,31.1,4.5,5.9,76.8,7.7,3.7,1.3,0.9,2.3,19,0,17.91,29,Paul Millsap,PF,Atlanta Hawks,"$20,072,033 "
44,Derrick Rose,NY,,,PG,64,32.5,18,7.2,15.3,47.1,0.2,0.9,21.7,3.5,4,87.4,3.8,4.4,0.7,0.3,2.3,2,0,17.05,21,Derrick Rose,PG,New York Knicks,"$21,323,252 "
45,Dennis Schroder,ATL,,,PG,79,31.5,17.9,6.9,15.4,45.1,1.3,3.7,34,2.8,3.2,85.5,3.1,6.3,0.9,0.2,3.3,10,0,16.18,269,Dennis Schroder,PG,Atlanta Hawks,"$2,708,582 "
46,Lou Williams,LAL,HOU,,SG,81,24.6,17.5,5.3,12.3,42.9,2,5.5,36.5,5,5.6,88,2.5,3,1,0.2,2,0,0,21.44,146,Lou Williams,SG,Houston Rockets,"$7,000,000 "
47,LaMarcus Aldridge,SA,,,C,72,32.4,17.3,6.9,14.6,47.7,0.3,0.8,41.1,3.1,3.8,81.2,7.3,1.9,0.6,1.2,1.4,18,0,18.66,27,LaMarcus Aldridge,C,San Antonio Spurs,"$20,575,005 "
48,Evan Fournier,ORL,,,SG,68,32.9,17.2,6,13.7,43.9,1.9,5.3,35.6,3.3,4.1,80.5,3.1,3,1,0.1,2.1,1,0,13.99,42,Evan Fournier,SG,Orlando Magic,"$17,000,000 "
49,Hassan Whiteside,MIA,,,C,77,32.6,17,7,12.6,55.7,0,0,0,2.9,4.6,62.8,14.1,0.7,0.7,2.1,2,58,0,22.68,16,Hassan Whiteside,C,Miami Heat,"$22,116,750 "
50,George Hill,UTAH,,,PG,49,31.5,16.9,5.9,12.4,47.7,1.9,4.8,40.3,3.2,4,80.1,3.4,4.2,1,0.2,1.7,0,0,19.38,128,George Hill,PG,Utah Jazz,"$8,000,000 "
51,Nikola Jokic,DEN,,,C,73,27.9,16.7,6.8,11.7,57.8,0.6,1.9,32.4,2.6,3.1,82.5,9.8,4.9,0.8,0.8,2.3,39,6,26.4,340,Nikola Jokic,C,Denver Nuggets,"$1,358,500 "
52,Avery Bradley,BOS,,,PG,55,33.4,16.3,6.5,14.1,46.3,2,5,39,1.2,1.7,73.1,6.1,2.2,1.2,0.2,1.6,10,0,14.52,122,Avery Bradley,PG,Boston Celtics,"$8,269,663 "
53,Eric Gordon,HOU,,,SG,75,31,16.2,5.5,13.5,40.6,3.3,8.8,37.2,2,2.3,84,2.7,2.5,0.6,0.5,1.6,0,0,13.22,79,Eric Gordon,SG,Houston Rockets,"$12,385,364 "
54,Tobias Harris,DET,,,PF,82,31.3,16.1,6.2,13,48.1,1.3,3.8,34.7,2.3,2.8,84.1,5.1,1.7,0.7,0.5,1.2,3,0,16.95,37,Tobias Harris,PF,Detroit Pistons,"$17,200,000 "
55,Victor Oladipo,OKC,,,SG,67,33.2,15.9,6.1,13.9,44.2,1.9,5.3,36.1,1.7,2.3,75.3,4.3,2.6,1.2,0.3,1.8,3,0,13.62,149,Victor Oladipo,SG,Oklahoma City Thunder,"$6,552,961 "
56,Dion Waiters,MIA,,,G,46,30.1,15.8,6.1,14.4,42.4,1.8,4.7,39.5,1.8,2.8,64.6,3.3,4.3,0.9,0.4,2.2,2,0,14.61,262,Dion Waiters,G,Miami Heat,"$2,898,000 "
57,Wilson Chandler,DEN,,,F,71,30.9,15.7,6.1,13.2,46.1,1.5,4.6,33.7,2,2.7,72.7,6.5,2,0.7,0.4,1.6,9,0,15,94,Wilson Chandler,F,Denver Nuggets,"$11,233,146 "
58,D'Angelo Russell,LAL,,,PG,63,28.7,15.6,5.6,13.8,40.5,2.1,6.1,35.2,2.3,3,78.2,3.5,4.8,1.4,0.3,2.8,2,0,15.36,182,D'Angelo Russell,PG,Los Angeles Lakers,"$5,332,800 "
59,Jrue Holiday,NO,,,PG,67,32.7,15.4,6,13.3,45.4,1.5,4.2,35.6,1.8,2.5,70.8,3.9,7.3,1.5,0.7,2.9,16,0,17.19,91,Jrue Holiday,PG,New Orleans Pelicans,"$11,286,518 "
60,Jeff Teague,IND,,,PG,82,32.4,15.3,4.9,11.1,44.2,1.1,3.1,35.7,4.4,5.1,86.7,4,7.8,1.2,0.4,2.6,16,0,19.24,118,Jeff Teague,PG,Indiana Pacers,"$8,800,000 "
61,Nicolas Batum,CHA,,,PF,77,34,15.1,5.1,12.7,40.3,1.8,5.3,33.3,3.2,3.7,85.6,6.2,5.9,1.1,0.4,2.5,15,1,15.86,26,Nicolas Batum,PF,Charlotte Hornets,"$20,869,566 "
62,JJ Redick,LAC,,,SG,78,28.2,15,5.1,11.4,44.5,2.6,6,42.9,2.3,2.6,89.1,2.2,1.4,0.7,0.2,1.3,0,0,14.87,140,JJ Redick,SG,LA Clippers,"$7,377,500 "
63,Gary Harris,DEN,,,SG,57,31.3,14.9,5.6,11.2,50.2,1.9,4.5,42,1.8,2.4,77.6,3.1,2.9,1.2,0.1,1.3,0,0,16.52,318,Gary Harris,SG,Denver Nuggets,"$1,655,880 "
64,Serge Ibaka,TOR,ORL,,C,79,30.7,14.8,6,12.4,48,1.6,4,39.1,1.4,1.6,85.6,6.8,0.9,0.5,1.6,1.3,11,0,16.46,80,Serge Ibaka,C,Toronto Raptors,"$12,250,000 "
65,Jordan Clarkson,LAL,,,PG,82,29.2,14.7,5.8,13.1,44.5,1.4,4.3,32.9,1.6,2,79.8,3,2.6,1.1,0.1,2,0,0,13.23,76,Jordan Clarkson,PG,Los Angeles Lakers,"$12,500,000 "
66,Khris Middleton,MIL,,,SF,29,30.7,14.7,5.2,11.5,45,1.6,3.6,43.3,2.8,3.2,88,4.2,3.4,1.4,0.2,2.2,0,0,15.07,56,Khris Middleton,SF,Milwaukee Bucks,"$15,200,000 "
67,Nikola Vucevic,ORL,,,C,75,28.8,14.6,6.4,13.7,46.8,0.3,1,30.7,1.4,2.1,66.9,10.4,2.8,1,1,1.6,38,0,19.19,89,Nikola Vucevic,C,Orlando Magic,"$11,750,000 "
68,Jeremy Lin,BKN,,,G,36,24.5,14.5,4.9,11.1,43.8,1.6,4.3,37.2,3.2,3.9,81.6,3.8,5.1,1.2,0.4,2.4,3,0,19.33,90,Jeremy Lin,G,Brooklyn Nets,"$11,483,254 "
69,Myles Turner,IND,,,C,81,31.4,14.5,5.5,10.7,51.1,0.5,1.4,34.8,3,3.7,80.9,7.3,1.3,0.9,2.1,1.3,15,0,18.51,279,Myles Turner,C,Indiana Pacers,"$2,463,840 "
70,Tim Hardaway Jr.,ATL,,,SF,79,27.3,14.5,5.3,11.5,45.5,1.9,5.3,35.7,2.1,2.7,76.6,2.8,2.3,0.7,0.2,1.3,0,0,15.26,288,Tim Hardaway Jr.,SF,Atlanta Hawks,"$2,281,605 "
71,Reggie Jackson,DET,,,PG,52,27.4,14.5,5.5,13,42,1.3,3.5,35.9,2.3,2.6,86.8,2.2,5.2,0.7,0.1,2.2,4,0,14.94,59,Reggie Jackson,PG,Detroit Pistons,"$14,956,522 "
72,T.J. Warren,PHX,,,SF,66,31,14.4,6.1,12.3,49.5,0.4,1.5,26.5,1.8,2.3,77.3,5.1,1.1,1.2,0.6,0.9,5,0,15.64,297,T.J. Warren,SF,Phoenix Suns,"$2,128,920 "
73,Enes Freedom,OKC,,,C,72,21.3,14.3,5.6,10.2,54.5,0.1,0.5,13.2,3.1,4,78.6,6.7,0.9,0.4,0.5,1.7,18,0,23.74,40,Enes Freedom,C,Oklahoma City Thunder,"$17,145,838 "
74,Dirk Nowitzki,DAL,,,F,54,26.4,14.2,5.5,12.6,43.7,1.5,3.9,37.8,1.8,2.1,87.5,6.5,1.5,0.6,0.7,0.9,8,0,17.1,8,Dirk Nowitzki,F,Dallas Mavericks,"$25,000,000 "
75,Zach Randolph,MEM,,,F,73,24.5,14.1,5.9,13.2,44.9,0.3,1.3,22.3,1.9,2.6,73.1,8.2,1.7,0.5,0.1,1.4,20,0,18.58,103,Zach Randolph,F,Memphis Grizzlies,"$10,361,445 "
76,Jordan Crawford,NO,,,G,19,23.3,14.1,5.5,11.5,48.2,1.9,5,38.9,1.1,1.4,76.9,1.8,3,0.6,0.1,1.3,0,0,17.71,565,Jordan Crawford,G,New Orleans Pelicans,"$173,099 "
77,Rudy Gobert,UTAH,,,C,81,33.9,14,5.1,7.7,66.1,0,0,0,3.8,5.9,65.3,12.8,1.2,0.6,2.6,1.8,58,0,23.31,298,Rudy Gobert,C,Utah Jazz,"$2,121,288 "
78,Al Horford,BOS,,,C,68,32.3,14,5.6,11.8,47.3,1.3,3.6,35.5,1.6,2,80,6.8,5,0.8,1.3,1.7,8,0,17.77,7,Al Horford,C,Boston Celtics,"$26,540,100 "
79,Marcus Morris Sr.,DET,,,SF,79,32.5,14,5.3,12.7,41.8,1.5,4.5,33.1,1.8,2.3,78.4,4.6,2,0.7,0.3,1.1,5,0,12.47,201,Marcus Morris Sr.,SF,Detroit Pistons,"$4,625,000 "
80,Markieff Morris,WSH,,,PF,76,31.2,14,5.3,11.7,45.7,0.9,2.6,36.2,2.4,2.8,83.7,6.5,1.7,1.1,0.6,1.7,9,0,13.75,139,Markieff Morris,PF,Washington Wizards,"$7,400,000 "
81,Jae Crowder,BOS,,,PF,72,32.4,13.9,4.6,10,46.3,2.2,5.5,39.8,2.4,3,81.1,5.8,2.2,1,0.3,1.1,7,0,14.99,157,Jae Crowder,PF,Boston Celtics,"$6,286,408 "
82,Kentavious Caldwell-Pope,DET,,,SG,76,33.3,13.8,4.9,12.2,39.9,2,5.8,35,2,2.4,83.2,3.3,2.5,1.2,0.2,1.1,1,0,12.9,228,Kentavious Caldwell-Pope,SG,Detroit Pistons,"$3,678,319 "
83,Bojan Bogdanovic,WSH,BKN,,SF,81,25.7,13.7,4.6,10.4,44.5,1.8,4.8,36.7,2.7,3,89.3,3.4,1.4,0.4,0.1,1.6,0,0,13.56,227,Bojan Bogdanovic,SF,Washington Wizards,"$3,730,653 "
84,Tyler Johnson,MIA,,,G,73,29.8,13.7,4.9,11.3,43.3,1.3,3.4,37.2,2.7,3.5,76.8,4,3.2,1.2,0.6,1.2,0,0,15.94,176,Tyler Johnson,G,Miami Heat,"$5,628,000 "
85,Will Barton,DEN,,,SF,60,28.4,13.7,4.9,11.1,44.3,1.5,3.9,37,2.4,3.2,75.3,4.3,3.4,0.8,0.5,1.6,2,0,15.55,234,Will Barton,SF,Denver Nuggets,"$3,533,333 "
86,Andre Drummond,DET,,,C,81,29.7,13.6,6,11.2,53,0,0.1,28.6,1.7,4.4,38.6,13.8,1.1,1.5,1.1,1.9,49,0,20.91,18,Andre Drummond,C,Detroit Pistons,"$22,116,750 "
87,Ryan Anderson,HOU,,,PF,72,29.4,13.6,4.5,10.7,41.8,2.8,7,40.3,1.8,2.1,86,4.6,0.9,0.4,0.2,0.8,2,0,13.53,30,Ryan Anderson,PF,Houston Rockets,"$18,735,364 "
88,Dwight Howard,ATL,,,C,74,29.7,13.5,5.2,8.3,63.3,0,0,0,3.1,5.7,53.3,12.7,1.4,0.9,1.2,2.3,53,0,20.89,13,Dwight Howard,C,Atlanta Hawks,"$23,180,275 "
89,Wesley Matthews,DAL,,,SG,73,34.2,13.5,4.6,11.6,39.3,2.4,6.6,36.3,2,2.5,81.6,3.5,2.9,1.1,0.2,1.4,0,0,11.93,39,Wesley Matthews,SG,Dallas Mavericks,"$17,145,838 "
90,Otto Porter Jr.,WSH,,,SF,80,32.6,13.4,5.2,10,51.6,1.9,4.3,43.4,1.2,1.5,83.2,6.4,1.5,1.5,0.5,0.6,12,0,17.35,170,Otto Porter Jr.,SF,Washington Wizards,"$5,893,981 "
91,Darren Collison,SAC,,,PG,68,30.3,13.2,5,10.5,47.6,1.1,2.6,41.7,2.2,2.5,86,2.2,4.6,1,0.1,1.7,4,0,15.37,187,Darren Collison,PG,Sacramento Kings,"$5,229,454 "
92,Nick Young,LAL,,,G,60,25.9,13.2,4.5,10.6,43,2.8,7,40.4,1.3,1.5,85.6,2.3,1,0.6,0.2,0.6,0,0,14.12,180,Nick Young,G,Los Angeles Lakers,"$5,443,918 "
93,Julius Randle,LAL,,,PF,74,28.8,13.2,5.1,10.5,48.7,0.2,0.9,27,2.8,3.8,72.3,8.6,3.6,0.7,0.5,2.3,18,3,16.32,244,Julius Randle,PF,Los Angeles Lakers,"$3,267,120 "
94,Sean Kilpatrick,BKN,,,G,70,25.1,13.1,4.4,10.5,41.5,1.5,4.4,34.1,2.9,3.5,84.3,4,2.2,0.6,0.1,1.9,4,0,13.16,434,Sean Kilpatrick,G,Brooklyn Nets,"$980,431 "
95,Ersan Ilyasova,ATL,OKC,PHI,PF,82,26.1,13.1,4.7,10.9,43.1,1.7,4.9,35.3,2,2.5,77.8,5.9,1.7,0.7,0.3,1.4,10,0,14.65,120,Ersan Ilyasova,PF,Atlanta Hawks,"$8,400,000 "
96,Robert Covington,PHI,,,PF,67,31.6,12.9,4.4,10.9,39.9,2,6.1,33.3,2.1,2.6,82.2,6.5,1.5,1.9,1,2,12,0,13.27,379,Robert Covington,PF,Philadelphia 76ers,"$1,015,696 "
97,Dario Saric,PHI,,,PF,81,26.3,12.8,4.7,11.4,41.1,1.3,4.2,31.1,2.1,2.7,78.2,6.3,2.2,0.7,0.4,2.3,10,0,12.84,286,Dario Saric,PF,Philadelphia 76ers,"$2,318,280 "
98,James Johnson,MIA,,,PF,76,27.4,12.8,4.8,10.1,47.9,1.1,3.4,34,2,2.8,70.7,4.9,3.6,1,1.1,2.3,4,0,17.03,216,James Johnson,PF,Miami Heat,"$4,000,000 "
99,Seth Curry,DAL,,,SG,70,29,12.8,4.8,10,48.1,2,4.6,42.5,1.2,1.4,85,2.6,2.7,1.1,0.1,1.3,1,0,15.52,260,Seth Curry,SG,Dallas Mavericks,"$2,898,000 "
100,Elfrid Payton,ORL,,,PG,82,29.4,12.8,5.2,11.1,47.1,0.5,1.8,27.4,1.8,2.6,69.2,4.7,6.5,1.1,0.5,2.2,18,5,17.25,272,Elfrid Payton,PG,Orlando Magic,"$2,613,600 "
101,Aaron Gordon,ORL,,,PF,80,28.7,12.7,4.9,10.8,45.4,1,3.3,28.8,2,2.7,71.9,5.1,1.9,0.8,0.5,1.1,7,0,14.52,205,Aaron Gordon,PF,Orlando Magic,"$4,351,320 "
102,DeAndre Jordan,LAC,,,C,81,31.7,12.7,5.1,7.1,71.4,0,0,0,2.5,5.2,48.2,13.8,1.2,0.6,1.7,1.4,41,0,21.84,23,DeAndre Jordan,C,LA Clippers,"$21,165,675 "
103,Rodney Hood,UTAH,,,SG,59,27,12.7,4.6,11.3,40.8,1.9,5.2,37.1,1.5,1.9,78.3,3.4,1.6,0.6,0.2,1.1,0,0,12.47,334,Rodney Hood,SG,Utah Jazz,"$1,406,520 "
104,Clint Capela,HOU,,,C,65,23.9,12.6,5.6,8.7,64.3,0,0,0,1.4,2.7,53.1,8.1,1,0.5,1.2,1.3,15,0,21.48,347,Clint Capela,C,Houston Rockets,"$1,296,240 "
105,Pau Gasol,SA,,,PF,64,25.4,12.4,4.7,9.4,50.2,0.9,1.6,53.8,2,2.9,70.7,7.8,2.3,0.4,1.1,1.3,11,0,20.23,53,Pau Gasol,PF,San Antonio Spurs,"$15,500,000 "
106,Jamal Crawford,LAC,,,G,82,26.3,12.3,4.4,10.6,41.3,1.4,3.9,36,2.1,2.5,85.7,1.6,2.6,0.7,0.2,1.6,0,0,12.06,69,Jamal Crawford,G,LA Clippers,"$13,253,012 "
107,Austin Rivers,LAC,,,SG,74,27.8,12,4.4,9.9,44.2,1.5,4,37.1,1.8,2.6,69.1,2.2,2.8,0.6,0.1,1.6,0,0,11.44,97,Austin Rivers,SG,LA Clippers,"$11,000,000 "
108,Jonas Valanciunas,TOR,,,C,80,25.8,12,4.9,8.8,55.7,0,0,50,2.2,2.7,81.1,9.5,0.7,0.5,0.8,1.3,29,0,20.13,61,Jonas Valanciunas,C,Toronto Raptors,"$14,382,023 "
109,Jahlil Okafor,PHI,,,C,50,22.7,11.8,4.8,9.4,51.4,0,0,0,2.1,3.2,67.1,4.8,1.2,0.4,1,1.8,2,0,14.88,198,Jahlil Okafor,C,Philadelphia 76ers,"$4,788,840 "
110,Greg Monroe,MIL,,,C,81,22.5,11.7,4.8,9,53.4,0,0,0,2.2,3,74.1,6.6,2.3,1.1,0.5,1.7,13,0,21.23,38,Greg Monroe,C,Milwaukee Bucks,"$17,145,838 "
111,Trevor Ariza,HOU,,,SF,80,34.7,11.7,4.1,10,40.9,2.4,6.9,34.4,1.2,1.6,73.8,5.7,2.2,1.8,0.3,0.9,3,0,12.38,133,Trevor Ariza,SF,Houston Rockets,"$7,806,971 "
112,Frank Kaminsky,CHA,,,PF,75,26.1,11.7,4.3,10.7,39.9,1.5,4.7,32.8,1.6,2.1,75.6,4.5,2.2,0.6,0.5,1,4,0,13.12,268,Frank Kaminsky,PF,Charlotte Hornets,"$2,730,000 "
113,Steven Adams,OKC,,,C,80,29.9,11.3,4.7,8.2,57.1,0,0,0,2,3.2,61.1,7.7,1.1,1.1,1,1.8,16,0,16.51,249,Steven Adams,C,Oklahoma City Thunder,"$3,140,517 "
114,Marvin Williams,CHA,,,F,76,30.2,11.2,3.9,9.3,42.2,1.6,4.7,35,1.7,2,87.3,6.6,1.4,0.8,0.7,0.8,11,0,13.74,81,Marvin Williams,F,Charlotte Hornets,"$12,250,000 "
115,Ricky Rubio,MIN,,,PG,75,32.9,11.1,3.5,8.7,40.2,0.8,2.6,30.6,3.4,3.8,89.1,4.1,9.1,1.7,0.1,2.6,25,1,16.87,67,Ricky Rubio,PG,Minnesota Timberwolves,"$13,550,000 "
116,Brandon Knight,PHX,,,PG,54,21.1,11,3.9,9.7,39.8,0.8,2.6,32.4,2.4,2.9,85.7,2.2,2.4,0.5,0.1,1.6,0,0,12.41,73,Brandon Knight,PG,Phoenix Suns,"$12,606,250 "
117,Thaddeus Young,IND,,,PF,74,30.2,11,4.9,9.3,52.7,0.6,1.6,38.1,0.6,1.2,52.3,6.1,1.6,1.5,0.4,1.3,7,0,14.96,63,Thaddeus Young,PF,Indiana Pacers,"$14,153,652 "
117,Jerryd Bayless,PHI,,,G,3,23.7,11,3.7,10.7,34.4,0.7,1.7,40,3,3.3,90,4,4.3,0,0,3,0,0,8.79,112,Jerryd Bayless,G,Philadelphia 76ers,"$9,424,084 "
117,Terrence Ross,TOR,ORL,,SG,78,25.1,11,4.2,9.6,43.7,1.8,5,36.3,0.8,1,83.1,2.6,1.1,1.1,0.4,0.9,0,0,13.46,108,Terrence Ross,SG,Orlando Magic,"$10,000,000 "
120,Kent Bazemore,ATL,,,SF,73,26.9,11,4,9.9,40.9,1.3,3.6,34.6,1.6,2.3,70.8,3.2,2.4,1.2,0.7,1.7,1,0,11.6,52,Kent Bazemore,SF,Atlanta Hawks,"$15,730,338 "
121,Emmanuel Mudiay,DEN,,,G,55,25.6,11,3.8,10,37.8,1,3.2,31.5,2.4,3,78.4,3.2,3.9,0.7,0.2,2.2,1,0,10.95,245,Emmanuel Mudiay,G,Denver Nuggets,"$3,241,800 "
122,Deron Williams,CLE,DAL,,PG,64,25.9,11,4.1,9.4,43.8,1.3,3.7,36.3,1.4,1.7,82.6,2.3,5.6,0.5,0.1,2.2,3,0,14.02,555,Deron Williams,PG,Cleveland Cavaliers,"$259,526 "
123,Justise Winslow,MIA,,,PF,18,34.7,10.9,4.4,12.5,35.6,0.4,1.9,20,1.6,2.6,61.7,5.2,3.7,1.4,0.3,1.8,1,0,8.2,273,Justise Winslow,PF,Miami Heat,"$2,593,440 "
124,J.J. Barea,DAL,,,G,35,22,10.9,4.1,9.8,41.4,1.5,4.2,35.8,1.3,1.5,86.3,2.4,5.5,0.4,0,1.8,0,0,17.26,211,J.J. Barea,G,Dallas Mavericks,"$4,096,950 "
125,Taj Gibson,OKC,CHI,,C,78,25.5,10.8,4.7,9.1,51.5,0,0.2,23.1,1.4,2,71.5,6.2,0.9,0.5,0.8,1.3,11,0,15.07,117,Taj Gibson,C,Oklahoma City Thunder,"$8,950,000 "
126,Courtney Lee,NY,,,G,77,31.9,10.8,4.2,9.1,45.6,1.4,3.5,40.1,1.1,1.3,86.7,3.4,2.3,1.1,0.3,0.9,0,0,12.2,92,Courtney Lee,G,New York Knicks,"$11,242,000 "
127,Terrence Jones,NO,MIL,,PF,54,23.5,10.8,4.3,9.1,47,0.4,1.4,25.3,1.9,3.1,60.6,5.7,1.1,0.7,1,0.9,6,0,16.17,418,Terrence Jones,PF,Milwaukee Bucks,"$980,431 "
128,Marcin Gortat,WSH,,,C,82,31.2,10.8,4.8,8.2,57.9,0,0,0,1.3,1.9,64.8,10.4,1.5,0.5,0.7,1.5,36,0,15.48,88,Marcin Gortat,C,Washington Wizards,"$12,000,000 "
129,CJ Miles,IND,,,G,76,23.4,10.7,3.7,8.5,43.4,2.2,5.4,41.3,1.1,1.2,90.3,3,0.6,0.6,0.3,0.5,0,0,13.77,202,CJ Miles,G,Indiana Pacers,"$4,583,450 "
130,Allen Crabbe,POR,,,SG,79,28.5,10.7,3.8,8.2,46.8,1.7,3.8,44.4,1.3,1.6,84.7,2.9,1.2,0.7,0.3,0.8,0,0,11.64,31,Allen Crabbe,SG,Portland Trail Blazers,"$18,500,000 "
131,Alex Poythress,PHI,,,F,6,26.2,10.7,4.2,9,46.3,1,3.2,31.6,1.3,1.7,80,4.8,0.8,0.5,0.2,0.5,0,0,13.04,586,Alex Poythress,F,Philadelphia 76ers,"$35,166 "
132,Nikola Mirotic,CHI,,,F,70,24,10.6,3.7,8.9,41.3,1.8,5.4,34.2,1.4,1.8,77.3,5.5,1.1,0.8,0.8,1.1,8,0,14.54,171,Nikola Mirotic,F,Chicago Bulls,"$5,782,450 "
133,Marcus Smart,BOS,,,PG,79,30.4,10.6,3.4,9.5,35.9,1.2,4.2,28.3,2.6,3.2,81.2,3.9,4.6,1.6,0.4,2,2,0,12.07,231,Marcus Smart,PG,Boston Celtics,"$3,578,880 "
134,Buddy Hield,SAC,NO,,SG,82,23,10.6,4,9.4,42.6,1.8,4.6,39.1,0.8,0.9,84.2,3.3,1.5,0.5,0.1,1.2,0,0,11.89,236,Buddy Hield,SG,Sacramento Kings,"$3,517,200 "
135,Marco Belinelli,CHA,,,G,74,24,10.5,3.6,8.3,42.9,1.4,3.8,36,2,2.3,89.3,2.4,2,0.6,0.1,0.9,1,0,13.4,156,Marco Belinelli,G,Charlotte Hornets,"$6,333,333 "
136,Wayne Ellington,MIA,,,SG,62,24.2,10.5,3.7,9,41.6,2.4,6.4,37.8,0.6,0.7,86,2.1,1.1,0.6,0.1,0.5,0,0,12.68,166,Wayne Ellington,SG,Miami Heat,"$6,000,000 "
137,Mason Plumlee,POR,DEN,,C,81,26.5,10.4,4.1,7.7,53.6,0,0.1,0,2.1,3.7,58,7.5,3.5,0.9,1.1,1.7,19,0,18.18,285,Mason Plumlee,C,Denver Nuggets,"$2,328,530 "
138,Robin Lopez,CHI,,,C,81,28,10.4,4.7,9.6,49.3,0,0,0,0.9,1.3,72.1,6.4,1,0.2,1.4,1.1,8,0,14.47,70,Robin Lopez,C,Chicago Bulls,"$13,219,250 "
139,Cody Zeller,CHA,,,C,62,27.8,10.3,4.1,7.1,57.1,0,0,0,2.1,3.2,67.9,6.5,1.6,1,0.9,1,6,0,16.7,183,Cody Zeller,C,Charlotte Hornets,"$5,318,313 "
140,Tyreke Evans,SAC,NO,,G,40,19.7,10.3,3.8,9.3,40.5,1.1,3,35.6,1.7,2.3,75,3.4,3.1,0.9,0.2,1.5,0,0,15.53,105,Tyreke Evans,G,Sacramento Kings,"$10,203,755 "
141,Jon Leuer,DET,,,F,75,25.9,10.2,4.1,8.6,48,0.7,2.2,29.3,1.3,1.5,86.7,5.4,1.5,0.4,0.3,0.9,3,0,14.21,99,Jon Leuer,F,Detroit Pistons,"$10,991,957 "
141,Malcolm Brogdon,MIL,,,PG,75,26.4,10.2,3.9,8.5,45.7,1,2.6,40.4,1.5,1.7,86.5,2.8,4.2,1.1,0.2,1.5,2,1,14.9,442,Malcolm Brogdon,PG,Milwaukee Bucks,"$925,000 "
143,Draymond Green,GS,,,PF,76,32.5,10.2,3.6,8.6,41.8,1.1,3.5,30.8,2,2.8,70.9,7.9,7,2,1.4,2.4,17,5,16.51,54,Draymond Green,PF,Golden State Warriors,"$15,330,435 "
144,Jusuf Nurkic,POR,DEN,,C,65,21.4,10.2,4.2,8.2,50.7,0,0,0,1.8,3.2,57.1,7.2,1.9,0.8,1.1,2.2,13,0,17.57,307,Jusuf Nurkic,C,Portland Trail Blazers,"$1,921,320 "
145,Josh Richardson,MIA,,,SG,53,30.5,10.2,3.8,9.7,39.4,1.4,4.3,33,1.1,1.5,77.9,3.2,2.6,1.1,0.8,1.2,0,0,10.71,449,Josh Richardson,SG,Miami Heat,"$874,636 "
146,Tony Parker,SA,,,G,63,25.2,10.1,4.2,9,46.6,0.4,1.1,33.3,1.3,1.9,72.7,1.8,4.5,0.5,0,1.4,0,0,13.1,60,Tony Parker,G,San Antonio Spurs,"$14,445,313 "
147,Kyle Korver,ATL,CLE,,G,67,26.2,10.1,3.6,7.7,46.4,2.4,5.4,45.1,0.6,0.6,90.5,2.8,1.6,0.5,0.3,1,0,0,12.17,186,Kyle Korver,G,Cleveland Cavaliers,"$5,239,437 "
148,Yogi Ferrell,BKN,DAL,,PG,46,26,10,3.5,8.6,40.6,1.5,3.8,38.6,1.6,1.9,83.1,2.4,3.7,0.9,0.2,1.5,0,0,13.15,563,Yogi Ferrell,PG,Dallas Mavericks,"$207,798 "
149,Maurice Harkless,POR,,,SF,77,28.9,10,4.1,8.1,50.3,0.9,2.5,35.1,1,1.6,62.1,4.4,1.1,1.1,0.9,1.1,2,0,13.16,116,Maurice Harkless,SF,Portland Trail Blazers,"$8,988,765 "
150,Trevor Booker,BKN,,,F,71,24.7,10,4.3,8.3,51.6,0.4,1.1,32.1,1,1.5,67.3,8,1.9,1.1,0.4,1.8,16,0,15.71,113,Trevor Booker,F,Brooklyn Nets,"$9,250,000 "
151,Gorgui Dieng,MIN,,,C,82,32.4,10,4,8.1,50.2,0.2,0.5,37.2,1.7,2,81.4,7.9,1.9,1.1,1.2,1.3,13,0,14.19,283,Gorgui Dieng,C,Minnesota Timberwolves,"$2,348,783 "
152,Shabazz Muhammad,MIN,,,F,78,19.4,9.9,3.7,7.7,48.2,0.6,1.9,33.6,1.9,2.4,77.4,2.8,0.4,0.3,0.1,0.7,1,0,15,251,Shabazz Muhammad,F,Minnesota Timberwolves,"$3,046,299 "
153,Jamal Murray,DEN,,,PG,82,21.5,9.9,3.6,8.9,40.4,1.4,4.2,33.4,1.3,1.5,88.3,2.6,2.1,0.6,0.3,1.4,1,0,11.97,247,Jamal Murray,PG,Denver Nuggets,"$3,210,840 "
154,Ty Lawson,SAC,,,G,69,25.1,9.9,3.4,7.6,45.4,0.5,1.7,28.8,2.5,3.1,79.7,2.6,4.8,1.1,0.1,1.9,3,1,15.42,387,Ty Lawson,G,Sacramento Kings,"$980,431 "
155,Richaun Holmes,PHI,,,C,57,20.9,9.8,4,7.2,55.8,0.5,1.4,35.1,1.3,1.8,69.9,5.5,1,0.7,0.9,1,5,0,18.61,373,Richaun Holmes,C,Philadelphia 76ers,"$1,025,831 "
156,Jeremy Lamb,CHA,,,SG,62,18.4,9.7,3.6,7.9,46,0.7,2.4,28.1,1.8,2.1,85.3,4.3,1.2,0.4,0.4,0.6,1,0,17.09,151,Jeremy Lamb,SG,Charlotte Hornets,"$6,511,628 "
157,Kenneth Faried,DEN,,,F,61,21.2,9.6,3.7,6.8,54.8,0,0.1,0,2.1,3.1,69.3,7.6,0.9,0.7,0.7,1,11,0,20.36,84,Kenneth Faried,F,Denver Nuggets,"$12,078,652 "
158,E'Twaun Moore,NO,,,G,73,24.9,9.6,3.9,8.5,45.7,1.1,2.8,37,0.8,1,77,2.1,2.2,0.7,0.4,0.8,0,0,12.13,123,E'Twaun Moore,G,New Orleans Pelicans,"$8,081,363 "
159,Patrick Beverley,HOU,,,PG,67,30.7,9.5,3.4,8.1,42,1.6,4.3,38.2,1.1,1.4,76.8,5.9,4.2,1.5,0.4,1.5,6,0,13.06,165,Patrick Beverley,PG,Houston Rockets,"$6,000,000 "
160,Derrick Favors,UTAH,,,C,50,23.7,9.5,4.1,8.3,48.7,0.1,0.2,30,1.3,2.2,61.5,6.1,1.1,0.9,0.8,1.2,6,0,15.88,96,Derrick Favors,C,Utah Jazz,"$11,050,000 "
161,Patty Mills,SA,,,PG,80,21.9,9.5,3.4,7.8,44,1.8,4.4,41.4,0.8,1,82.5,1.8,3.5,0.8,0,1.3,1,0,15.28,230,Patty Mills,PG,San Antonio Spurs,"$3,578,948 "
162,Nik Stauskas,PHI,,,G,80,27.4,9.5,3.1,7.9,39.6,1.7,4.5,36.8,1.5,1.9,81.3,2.8,2.4,0.6,0.4,1.6,0,0,9.05,255,Nik Stauskas,G,Philadelphia 76ers,"$2,993,040 "
163,Michael Beasley,MIL,,,F,56,16.7,9.4,3.9,7.3,53.2,0.3,0.8,41.9,1.4,1.9,74.3,3.4,0.9,0.5,0.5,1.2,1,0,17.91,337,Michael Beasley,F,Milwaukee Bucks,"$1,403,611 "
164,Brandon Ingram,LAL,,,SF,79,28.8,9.4,3.5,8.7,40.2,0.7,2.4,29.4,1.7,2.7,62.2,4,2.1,0.6,0.5,1.5,0,0,8.56,185,Brandon Ingram,SF,Los Angeles Lakers,"$5,281,680 "
165,Ish Smith,DET,,,PG,81,24.1,9.4,4.1,9.2,43.9,0.3,1.3,26.7,0.9,1.3,70.6,2.9,5.2,0.8,0.4,1.4,3,0,14.79,163,Ish Smith,PG,Detroit Pistons,"$6,000,000 "
166,Cory Joseph,TOR,,,PG,80,25,9.3,3.7,8.3,45.2,0.6,1.7,35.6,1.2,1.5,77,2.9,3.3,0.8,0.2,1.4,1,0,13.22,141,Cory Joseph,PG,Toronto Raptors,"$7,315,000 "
167,Jeff Green,ORL,,,PF,69,22.2,9.2,3.2,8.1,39.4,0.8,2.8,27.5,2.1,2.4,86.3,3.1,1.2,0.5,0.2,1.1,1,0,10.57,58,Jeff Green,PF,Orlando Magic,"$15,000,000 "
168,Gerald Henderson,PHI,,,SG,72,23.2,9.2,3.3,7.7,42.4,0.8,2.4,35.3,1.8,2.3,80.6,2.6,1.6,0.6,0.2,0.9,0,0,10.81,115,Gerald Henderson,SG,Philadelphia 76ers,"$9,000,000 "
169,Marquese Chriss,PHX,,,SF,82,21.3,9.2,3.5,7.7,44.9,0.9,2.7,32.1,1.4,2.2,62.4,4.2,0.7,0.8,0.9,1.3,3,0,12.38,258,Marquese Chriss,SF,Phoenix Suns,"$2,941,440 "
170,Michael Kidd-Gilchrist,CHA,,,F,81,29,9.2,3.6,7.6,47.7,0,0.1,11.1,1.9,2.4,78.4,7,1.4,1,1,0.7,11,0,14.3,71,Michael Kidd-Gilchrist,F,Charlotte Hornets,"$13,000,000 "
171,Joe Johnson,UTAH,,,G,78,23.6,9.2,3.5,8,43.6,1.4,3.3,41.1,0.8,1,81.8,3.1,1.8,0.5,0.2,0.9,0,0,12.82,98,Joe Johnson,G,Utah Jazz,"$11,000,000 "
172,Jameer Nelson,DEN,,,G,75,27.3,9.2,3.6,8.1,44.4,1.4,3.6,38.8,0.6,0.8,71.4,2.6,5.1,0.7,0.1,1.7,4,0,11.52,203,Jameer Nelson,G,Denver Nuggets,"$4,540,525 "
173,Channing Frye,CLE,,,F,74,18.9,9.1,3.2,7,45.8,1.9,4.5,40.9,0.9,1,85.1,3.9,0.6,0.4,0.5,0.7,2,0,15.72,134,Channing Frye,F,Cleveland Cavaliers,"$7,806,971 "
174,Nene ,HOU,,,C,67,17.9,9.1,3.7,5.9,61.7,0,0.1,33.3,1.7,2.9,58.9,4.2,1,0.8,0.6,1.1,0,0,18.91,265,Nene ,C,Houston Rockets,"$2,898,000 "
175,Montrezl Harrell,HOU,,,C,58,18.3,9.1,3.9,5.9,65.2,0,0.1,14.3,1.3,2.1,62.8,3.8,1.1,0.3,0.7,0.8,3,0,19.23,371,Montrezl Harrell,C,Houston Rockets,"$1,045,000 "
176,Jodie Meeks,ORL,,,G,36,20.5,9.1,2.9,7.1,40.2,1.6,3.8,40.9,1.8,2.1,87.8,2.1,1.3,0.9,0.1,1,0,0,13.15,150,Jodie Meeks,G,Orlando Magic,"$6,540,000 "
177,Tony Allen,MEM,,,SG,71,27,9.1,3.9,8.4,46,0.2,0.8,27.8,1.1,1.8,61.5,5.5,1.4,1.6,0.4,1.4,5,0,13.33,178,Tony Allen,SG,Memphis Grizzlies,"$5,505,618 "
178,Kelly Olynyk,BOS,,,PF,75,20.5,9,3.5,6.8,51.2,0.9,2.6,35.4,1.2,1.6,73.2,4.8,2,0.6,0.4,1.3,2,0,15.32,250,Kelly Olynyk,PF,Boston Celtics,"$3,094,014 "
179,Evan Turner,POR,,,G,65,25.5,9,3.6,8.5,42.6,0.5,1.8,26.3,1.3,1.6,82.5,3.8,3.2,0.8,0.4,1.5,2,0,11.48,47,Evan Turner,G,Portland Trail Blazers,"$16,393,443 "
180,Dahntay Jones,CLE,,,SG,1,12,9,3,8,37.5,0,2,0,3,4,75,2,1,0,0,1,0,0,14.78,593,Dahntay Jones,SG,Cleveland Cavaliers,"$5,767 "
181,Doug McDermott,OKC,CHI,,SF,66,22.8,9,3.4,7.5,44.7,1.2,3.2,37,1.1,1.3,84.5,2.7,0.9,0.2,0.1,0.6,1,0,10.77,278,Doug McDermott,SF,Oklahoma City Thunder,"$2,483,040 "
182,JaMychal Green,MEM,,,PF,77,27.3,8.9,3.2,6.5,50.1,0.7,1.9,38.2,1.7,2.2,80.2,7.1,1.1,0.6,0.4,1.2,10,0,13.56,428,JaMychal Green,PF,Memphis Grizzlies,"$980,431 "
183,DeMarre Carroll,TOR,,,F,72,26.1,8.9,3.1,7.6,40,1.5,4.4,34.1,1.2,1.6,76.1,3.8,1,1.1,0.4,0.8,2,0,11.88,62,DeMarre Carroll,F,Toronto Raptors,"$14,200,000 "
184,Skal Labissiere,SAC,,,F,33,18.5,8.8,3.5,6.6,53.7,0.1,0.2,37.5,1.6,2.2,70.3,4.9,0.8,0.5,0.4,1.1,2,0,16.91,360,Skal Labissiere,F,Sacramento Kings,"$1,188,840 "
185,Nerlens Noel,DAL,PHI,,C,51,20.5,8.7,3.6,6.1,59.5,0,0,0,1.5,2.2,69.4,5.8,1,1.3,1,1,3,0,20.4,204,Nerlens Noel,C,Dallas Mavericks,"$4,384,490 "
186,Al-Farouq Aminu,POR,,,SF,61,29.1,8.7,3,7.7,39.2,1.1,3.5,32.9,1.6,2.2,70.6,7.4,1.6,1,0.7,1.5,4,0,11.31,135,Al-Farouq Aminu,SF,Portland Trail Blazers,"$7,680,965 "
187,Marreese Speights,LAC,,,F,82,15.7,8.7,3,6.7,44.5,1.3,3.4,37.2,1.5,1.7,87.6,4.5,0.8,0.3,0.5,0.8,4,0,17.62,336,Marreese Speights,F,LA Clippers,"$1,403,611 "
188,Rondae Hollis-Jefferson,BKN,,,SF,78,22.6,8.7,3,6.9,43.4,0.2,0.9,22.4,2.4,3.2,75.1,5.8,2,1.1,0.6,1.5,8,0,13.71,338,Rondae Hollis-Jefferson,SF,Brooklyn Nets,"$1,395,600 "
189,JR Smith,CLE,,,G,41,29,8.6,3,8.7,34.6,2.3,6.6,35.1,0.2,0.4,66.7,2.8,1.5,1,0.3,0.6,0,0,8.11,72,JR Smith,G,Cleveland Cavaliers,"$12,800,000 "
190,Tony Snell,MIL,,,SF,80,29.2,8.5,3.1,6.8,45.5,1.8,4.4,40.6,0.6,0.7,81,3.1,1.2,0.7,0.2,0.7,1,0,9.75,282,Tony Snell,SF,Milwaukee Bucks,"$2,368,327 "
191,Monta Ellis,IND,,,SG,74,27,8.5,3.3,7.5,44.3,0.6,1.8,31.9,1.3,1.7,72.7,2.8,3.2,1.1,0.4,1.8,0,0,9.99,100,Monta Ellis,SG,Indiana Pacers,"$10,763,500 "
192,Tyson Chandler,PHX,,,C,47,27.6,8.4,3.3,4.9,67.1,0,0,0,1.9,2.6,73.4,11.5,0.6,0.7,0.5,1.4,12,0,16.63,78,Tyson Chandler,C,Phoenix Suns,"$12,415,000 "
193,Arron Afflalo,SAC,,,G,61,25.9,8.4,3,6.9,44,1,2.5,41.1,1.4,1.5,89.2,2,1.3,0.3,0.1,0.7,0,0,9.02,77,Arron Afflalo,G,Sacramento Kings,"$12,500,000 "
194,Norman Powell,TOR,,,SF,76,18,8.4,3,6.7,44.9,0.7,2.3,32.4,1.7,2.1,79.2,2.2,1.1,0.7,0.2,0.9,0,0,14.09,462,Norman Powell,SF,Toronto Raptors,"$874,636 "
195,Joe Harris,BKN,,,SF,52,21.9,8.2,3,7,42.5,1.6,4.3,38.5,0.7,0.9,71.4,2.8,1,0.6,0.2,1.1,0,0,9.04,403,Joe Harris,SF,Brooklyn Nets,"$980,431 "
196,Troy Daniels,MEM,,,G,67,17.7,8.2,2.8,7.4,37.4,2.1,5.3,38.9,0.6,0.8,79.6,1.5,0.7,0.3,0.1,0.7,0,0,10.48,243,Troy Daniels,G,Memphis Grizzlies,"$3,332,940 "
197,Shawn Long,PHI,,,C,18,13,8.2,3.4,6.1,56,0.4,1.1,36.8,1.1,1.9,54.3,4.7,0.7,0.5,0.5,0.7,1,0,24.22,574,Shawn Long,C,Philadelphia 76ers,"$89,513 "
198,Caris LeVert,BKN,,,SG,57,21.7,8.2,3,6.7,45,1,3.2,32.1,1.2,1.6,72,3.3,1.9,0.9,0.1,1,0,0,12.29,323,Caris LeVert,SG,Brooklyn Nets,"$1,562,280 "
199,Willy Hernangomez,NY,,,C,72,18.4,8.2,3.4,6.5,52.9,0.1,0.2,26.7,1.3,1.7,72.8,7,1.3,0.6,0.5,1.4,11,0,19,343,Willy Hernangomez,C,New York Knicks,"$1,350,000 "
200,Willie Cauley-Stein,SAC,,,C,75,18.9,8.1,3.4,6.4,53,0,0,0,1.3,2,66.9,4.5,1.1,0.7,0.6,0.9,8,0,16.37,232,Willie Cauley-Stein,C,Sacramento Kings,"$3,551,160 "
201,Ben McLemore,SAC,,,SG,61,19.3,8.1,3,6.9,43,1.1,2.8,38.2,1.1,1.5,75.3,2.1,0.8,0.5,0.1,1,0,0,9.87,212,Ben McLemore,SG,Sacramento Kings,"$4,008,882 "
202,Al Jefferson,IND,,,C,66,14.1,8.1,3.6,7.1,49.9,0,0,0,1,1.3,76.5,4.2,0.9,0.3,0.2,0.5,1,0,18.96,104,Al Jefferson,C,Indiana Pacers,"$10,314,532 "
203,Tristan Thompson,CLE,,,C,78,29.9,8.1,3.4,5.6,60,0,0,0,1.4,2.7,49.8,9.2,1,0.5,1.1,0.8,19,0,15.32,55,Tristan Thompson,C,Cleveland Cavaliers,"$15,330,435 "
204,Vince Carter,MEM,,,G,73,24.7,8,2.6,6.7,39.4,1.5,4.1,37.8,1.2,1.6,76.5,3.1,1.8,0.8,0.5,0.7,0,0,11.69,209,Vince Carter,G,Memphis Grizzlies,"$4,264,057 "
205,Alex Len,PHX,,,C,77,20.3,8,3,6,49.7,0,0.2,25,1.9,2.7,72.1,6.6,0.6,0.5,1.3,1.3,11,0,15.04,197,Alex Len,C,Phoenix Suns,"$4,823,621 "
206,Langston Galloway,SAC,NO,,SG,74,20.2,7.9,2.8,7.4,38,1.6,4.2,39,0.7,0.9,79.7,2.1,1.3,0.6,0.1,0.6,0,0,10.41,188,Langston Galloway,SG,Sacramento Kings,"$5,200,000 "
207,D.J. Augustin,ORL,,,G,78,19.7,7.9,2.5,6.6,37.7,1.2,3.5,34.7,1.7,2.1,81.4,1.5,2.7,0.4,0,1.2,0,0,11.01,142,D.J. Augustin,G,Orlando Magic,"$7,250,000 "
208,Shelvin Mack,UTAH,,,G,55,21.9,7.8,3.1,6.9,44.6,0.7,2.2,30.8,1,1.4,68.8,2.3,2.8,0.8,0.1,1.6,0,0,10.9,281,Shelvin Mack,G,Utah Jazz,"$2,433,334 "
209,Rajon Rondo,CHI,,,PG,69,26.7,7.8,3.3,8.1,40.8,0.7,1.9,37.6,0.4,0.7,60,5.1,6.7,1.4,0.2,2.4,6,1,13.59,66,Rajon Rondo,PG,Chicago Bulls,"$14,000,000 "
210,Sergio Rodriguez,PHI,,,PG,68,22.3,7.8,3.1,7.9,39.2,1.4,3.7,36.5,0.3,0.4,66.7,2.3,5.1,0.7,0.1,1.9,1,0,11.13,126,Sergio Rodriguez,PG,Philadelphia 76ers,"$8,000,000 "
211,Garrett Temple,SAC,,,SF,65,26.6,7.8,2.8,6.6,42.4,1.3,3.4,37.3,0.9,1.1,78.4,2.8,2.6,1.3,0.4,1.2,0,0,11.19,130,Garrett Temple,SF,Sacramento Kings,"$8,000,000 "
212,Justin Holiday,NY,,,SF,82,20,7.7,2.8,6.6,43.3,1.2,3.3,35.5,0.8,1,82.5,2.7,1.2,0.8,0.4,0.8,0,0,12.71,376,Justin Holiday,SF,New York Knicks,"$1,015,696 "
213,Matthew Dellavedova,MIL,,,PG,76,26.1,7.6,2.7,7,39,1,2.8,36.6,1.1,1.3,85.4,1.9,4.7,0.7,0,1.8,0,0,9.44,111,Matthew Dellavedova,PG,Milwaukee Bucks,"$9,607,500 "
214,Luol Deng,LAL,,,F,56,26.5,7.6,2.9,7.6,38.7,0.9,2.9,30.9,0.8,1.1,73,5.3,1.3,0.9,0.4,0.8,5,0,10.13,33,Luol Deng,F,Los Angeles Lakers,"$18,000,000 "
215,Andre Iguodala,GS,,,F,76,26.3,7.6,2.9,5.5,52.8,0.8,2.3,36.2,0.9,1.3,70.6,4,3.4,1,0.5,0.8,0,0,14.37,95,Andre Iguodala,F,Golden State Warriors,"$11,131,368 "
216,Manu Ginobili,SA,,,G,69,18.7,7.5,2.5,6.4,39,1.3,3.3,39.2,1.2,1.6,80.4,2.3,2.7,1.2,0.2,1.4,0,0,13.94,64,Manu Ginobili,G,San Antonio Spurs,"$14,000,000 "
217,Ivica Zubac,LAL,,,C,38,16,7.5,3.3,6.3,52.9,0,0.1,0,0.8,1.3,65.3,4.2,0.8,0.4,0.9,0.8,4,0,17.02,372,Ivica Zubac,C,Los Angeles Lakers,"$1,034,956 "
218,Iman Shumpert,CLE,,,G,76,25.5,7.5,2.6,6.4,41.1,1.2,3.4,36,0.9,1.2,78.9,2.9,1.4,0.8,0.4,1,0,0,9.06,110,Iman Shumpert,G,Cleveland Cavaliers,"$9,662,922 "
219,Isaiah Whitehead,BKN,,,G,73,22.5,7.4,2.8,7,40.2,0.6,2,29.5,1.2,1.5,80.5,2.5,2.6,0.6,0.5,1.9,1,0,7.59,364,Isaiah Whitehead,G,Brooklyn Nets,"$1,074,145 "
220,Timofey Mozgov,LAL,,,C,54,20.4,7.4,3.1,6.1,51.5,0,0,0,1.2,1.4,80.8,4.9,0.8,0.3,0.6,1.3,1,0,12.3,49,Timofey Mozgov,C,Los Angeles Lakers,"$16,000,000 "
221,Alan Williams,PHX,,,C,47,15.1,7.4,2.9,5.7,51.7,0,0,0,1.5,2.4,62.5,6.2,0.5,0.6,0.7,0.8,15,0,19.59,456,Alan Williams,C,Phoenix Suns,"$874,636 "
222,Archie Goodwin,NO,BKN,,SG,15,14.3,7.3,2.4,4.4,54.5,0.3,1,33.3,2.2,2.8,78.6,1.9,1.6,0.3,0.3,0.9,0,0,18.77,577,Archie Goodwin,SG,Brooklyn Nets,"$75,000 "
223,Spencer Dinwiddie,BKN,,,PG,59,22.6,7.3,2.3,5.1,44.4,0.6,1.7,37.6,2.1,2.7,79.2,2.8,3.1,0.7,0.4,1.1,0,0,12.72,474,Spencer Dinwiddie,PG,Brooklyn Nets,"$726,672 "
224,Danny Green,SA,,,SF,68,26.6,7.3,2.6,6.6,39.2,1.7,4.6,37.9,0.4,0.5,84.4,3.3,1.8,1,0.8,1.1,0,0,10.16,107,Danny Green,SF,San Antonio Spurs,"$10,000,000 "
225,David Lee,SA,,,PF,79,18.7,7.3,3.1,5.3,59,0,0,0,1,1.4,70.8,5.6,1.6,0.4,0.5,1,7,0,18.48,324,David Lee,PF,San Antonio Spurs,"$1,551,659 "
226,Tyler Ulis,PHX,,,G,61,18.4,7.3,3,7.2,42.1,0.3,1.3,26.6,0.9,1.2,77.5,1.6,3.7,0.8,0.1,1.3,6,0,13.05,443,Tyler Ulis,G,Phoenix Suns,"$918,369 "
227,Rodney Stuckey,IND,,,PG,39,17.8,7.2,2.3,6.3,37.3,0.5,1.5,31.7,2.1,2.7,74.8,2.2,2.2,0.4,0,1.4,0,0,9.53,144,Rodney Stuckey,PG,Indiana Pacers,"$7,000,000 "
228,Thabo Sefolosha,ATL,,,F,62,25.7,7.2,2.8,6.4,44.1,0.7,1.9,34.2,0.9,1.2,73.3,4.4,1.7,1.5,0.5,0.9,0,0,11.92,224,Thabo Sefolosha,F,Atlanta Hawks,"$3,850,000 "
229,Tim Frazier,NO,,,PG,65,23.5,7.1,2.5,6.2,40.3,0.6,2,31.3,1.5,2,76,2.7,5.2,0.9,0.1,1.6,7,1,12.4,301,Tim Frazier,PG,New Orleans Pelicans,"$2,090,000 "
230,Larry Nance Jr.,LAL,,,PF,63,22.9,7.1,3,5.7,52.6,0.2,0.6,27.8,0.9,1.3,73.8,5.9,1.5,1.3,0.6,0.9,7,0,15.76,354,Larry Nance Jr.,PF,Los Angeles Lakers,"$1,207,680 "
231,Brandon Jennings,WSH,NY,,G,81,22.2,7.1,2.4,6.6,35.9,1,3.1,31.3,1.4,1.9,75,2.4,4.9,0.9,0,1.6,3,0,12.09,190,Brandon Jennings,G,Washington Wizards,"$5,000,000 "
232,Matt Barnes,SAC,GS,,SF,74,24,7.1,2.5,6.4,39.1,1.2,3.6,33.1,0.9,1.2,78.7,5.2,2.6,0.6,0.4,1.4,4,0,10.36,561,Matt Barnes,SF,Golden State Warriors,"$242,224 "
233,Justin Anderson,DAL,PHI,,F,75,16.4,7.1,2.5,5.8,42.5,0.8,2.6,29.9,1.4,1.7,79.1,3.3,0.9,0.5,0.3,0.9,0,0,13.96,327,Justin Anderson,F,Philadelphia 76ers,"$1,514,160 "
234,Anthony Tolliver,SAC,,,PF,65,22.7,7.1,2.4,5.4,44.2,1.4,3.5,39.1,0.9,1.3,74.4,3.6,1.2,0.5,0.3,0.9,1,0,11.17,131,Anthony Tolliver,PF,Sacramento Kings,"$8,000,000 "
235,Joe Ingles,UTAH,,,SG,82,24,7.1,2.5,5.5,45.2,1.5,3.4,44.1,0.6,0.8,73.5,3.2,2.7,1.2,0.1,1.3,0,0,12.44,296,Joe Ingles,SG,Utah Jazz,"$2,150,000 "
236,Solomon Hill,NO,,,SF,80,29.7,7,2.3,6,38.3,1.2,3.4,34.8,1.3,1.6,80.5,3.8,1.8,0.9,0.4,1,0,0,8.06,93,Solomon Hill,SF,New Orleans Pelicans,"$11,241,218 "
237,Josh Huestis,OKC,,,F,2,15.5,7,3,5.5,54.5,1,2,50,0,0.5,0,4.5,1.5,0,1.5,0,0,0,26.15,357,Josh Huestis,F,Oklahoma City Thunder,"$1,191,480 "
238,Justin Hamilton,BKN,,,C,64,18.4,6.9,2.7,5.9,45.9,0.9,2.8,30.6,0.6,0.8,75,4.1,0.9,0.5,0.7,0.7,1,0,13.61,252,Justin Hamilton,C,Brooklyn Nets,"$3,000,000 "
239,T.J. McConnell,PHI,,,PG,81,26.3,6.9,2.9,6.3,46.1,0.1,0.7,20,0.9,1.1,81.1,3.1,6.6,1.7,0.1,2,5,0,13.73,463,T.J. McConnell,PG,Philadelphia 76ers,"$874,636 "
240,Patrick Patterson,TOR,,,PF,65,24.6,6.8,2.4,5.9,40.1,1.4,3.9,37.2,0.7,0.9,71.7,4.5,1.2,0.6,0.4,0.6,1,0,10.8,161,Patrick Patterson,PF,Toronto Raptors,"$6,050,000 "
241,Ian Clark,GS,,,G,77,14.8,6.8,2.7,5.6,48.7,0.8,2.1,37.4,0.6,0.8,75.9,1.6,1.2,0.5,0.1,0.7,0,0,13.22,435,Ian Clark,G,Golden State Warriors,"$980,431 "
242,Bobby Portis,CHI,,,C,64,15.6,6.8,2.9,5.9,48.8,0.5,1.5,33.3,0.6,0.9,66.1,4.6,0.5,0.3,0.2,0.6,5,0,14.99,331,Bobby Portis,C,Chicago Bulls,"$1,453,680 "
243,Jared Dudley,PHX,,,SF,64,21.3,6.8,2.5,5.4,45.4,1.2,3.2,37.9,0.7,1,66.2,3.5,1.9,0.7,0.3,1.1,0,0,10.58,102,Jared Dudley,SF,Phoenix Suns,"$10,470,000 "
244,Lance Stephenson,IND,NO,MIN,G,18,20.1,6.8,3,6.7,45,0.3,1.1,30,0.4,0.7,61.5,2.9,3.3,0.3,0.2,1.4,0,0,9.66,219,Lance Stephenson,G,Indiana Pacers,"$4,000,000 "
245,John Henson,MIL,,,F,58,19.4,6.8,2.7,5.3,51.5,0,0,0,1.3,1.8,69.2,5.1,1,0.5,1.3,0.9,0,0,15.35,74,John Henson,F,Milwaukee Bucks,"$12,517,606 "
246,Brandan Wright,MEM,,,F,28,16,6.8,3,4.8,61.5,0,0,0,0.8,1.3,65.7,2.8,0.5,0.4,0.7,0.4,0,0,18.61,174,Brandan Wright,F,Memphis Grizzlies,"$5,709,880 "
247,Alec Burks,UTAH,,,SG,42,15.5,6.7,2.4,5.9,39.9,0.6,1.8,32.9,1.4,1.9,76.9,2.9,0.7,0.4,0.1,0.8,0,0,11.65,106,Alec Burks,SG,Utah Jazz,"$10,154,495 "
248,Raymond Felton,LAC,,,G,80,21.3,6.7,2.8,6.4,43,0.6,1.8,31.9,0.6,0.8,78.1,2.7,2.4,0.8,0.3,1,0,0,10.9,393,Raymond Felton,G,LA Clippers,"$980,431 "
249,Devin Harris,DAL,,,G,65,16.7,6.7,2.1,5.2,39.9,0.9,2.7,32.8,1.6,2,82.9,2,2.1,0.7,0.1,0.9,0,0,13.84,210,Devin Harris,G,Dallas Mavericks,"$4,227,996 "
250,James Ennis III,MEM,,,F,64,23.5,6.7,2.3,5,45.5,0.8,2.1,37.2,1.3,1.7,78.2,4,1,0.7,0.3,0.9,1,0,10.62,264,James Ennis III,F,Memphis Grizzlies,"$2,898,000 "
251,Dwight Powell,DAL,,,C,77,17.3,6.7,2.5,4.9,51.5,0.3,1,28.4,1.4,1.8,75.9,4,0.6,0.8,0.5,0.4,2,0,17.66,121,Dwight Powell,C,Dallas Mavericks,"$8,375,000 "
252,P.J. Tucker,TOR,PHX,,PF,81,27.6,6.7,2.5,6,41.3,0.9,2.4,35.7,0.9,1.1,77.4,5.8,1.2,1.4,0.2,0.8,3,0,10.54,184,P.J. Tucker,PF,Toronto Raptors,"$5,300,000 "
253,Marcus Thornton,WSH,,,SG,33,17.4,6.6,2.5,6.4,40,0.8,2.4,35,0.7,0.8,85.2,2.3,1.2,0.6,0.1,0.8,0,0,10.44,404,Marcus Thornton,SG,Washington Wizards,"$980,431 "
254,Kosta Koufos,SAC,,,C,71,20,6.6,3,5.5,55.1,0,0,0,0.5,0.9,61.3,5.7,0.7,0.5,0.7,0.9,4,0,13.82,125,Kosta Koufos,C,Sacramento Kings,"$8,046,500 "
255,Andre Roberson,OKC,,,F,79,30.1,6.6,2.7,5.9,46.4,0.6,2.3,24.5,0.6,1.4,42.3,5.1,1,1.2,1,0.6,2,0,9.64,295,Andre Roberson,F,Oklahoma City Thunder,"$2,183,072 "
256,Jaylen Brown,BOS,,,SG,78,17.2,6.6,2.5,5.4,45.4,0.6,1.7,34.1,1.1,1.6,68.5,2.8,0.8,0.4,0.2,0.9,0,0,10.33,199,Jaylen Brown,SG,Boston Celtics,"$4,743,000 "
257,Michael Carter-Williams,CHI,,,PG,45,18.8,6.6,2.5,6.8,36.6,0.3,1.4,23.4,1.3,1.7,75.3,3.4,2.5,0.8,0.5,1.5,0,0,9.92,248,Michael Carter-Williams,PG,Chicago Bulls,"$3,183,526 "
258,Dante Cunningham,NO,,,F,66,25,6.6,2.6,5.4,48.5,1.1,2.7,39.2,0.2,0.4,59.3,4.2,0.6,0.6,0.4,0.4,0,0,10.2,256,Dante Cunningham,F,New Orleans Pelicans,"$2,978,250 "
259,Sam Dekker,HOU,,,F,77,18.4,6.5,2.6,5.6,47.3,0.8,2.4,32.1,0.5,0.9,55.9,3.7,1,0.5,0.3,0.5,0,0,13.09,315,Sam Dekker,F,Houston Rockets,"$1,720,560 "
260,Amir Johnson,BOS,,,F,80,20.1,6.5,2.7,4.6,57.6,0.3,0.8,40.9,0.8,1.3,67,4.6,1.8,0.6,0.8,1,0,0,15.03,85,Amir Johnson,F,Boston Celtics,"$12,000,000 "
261,Timothe Luwawu-Cabarrot,PHI,,,SG,69,17.2,6.4,2.1,5.2,40.2,0.7,2.3,31.1,1.5,1.8,85.4,2.2,1.1,0.5,0.1,1.1,0,0,8.51,346,Timothe Luwawu-Cabarrot,SG,Philadelphia 76ers,"$1,326,960 "
262,Mirza Teletovic,MIL,,,PF,70,16.2,6.4,2.2,6,37.3,1.5,4.4,34.1,0.5,0.6,77.8,2.3,0.7,0.2,0.2,0.5,0,0,8.81,101,Mirza Teletovic,PF,Milwaukee Bucks,"$10,500,000 "
263,Darrell Arthur,DEN,,,F,41,15.6,6.4,2.3,5.2,44.2,1.3,2.9,45.3,0.5,0.5,86.4,2.7,1,0.5,0.5,0.9,0,0,12.89,124,Darrell Arthur,F,Denver Nuggets,"$8,070,175 "
264,Rodney McGruder,MIA,,,G,78,25.2,6.4,2.4,5.9,41.3,0.9,2.8,33.2,0.6,0.9,62,3.3,1.6,0.6,0.2,0.7,0,0,9.09,531,Rodney McGruder,G,Miami Heat,"$543,471 "
265,Kelly Oubre Jr.,WSH,,,SG,79,20.3,6.3,2.4,5.6,42.1,0.7,2.4,28.7,0.9,1.3,75.8,3.3,0.6,0.7,0.2,0.6,1,0,9.1,304,Kelly Oubre Jr.,SG,Washington Wizards,"$2,006,640 "
266,Kyle O'Quinn,NY,,,C,79,15.6,6.3,2.7,5.2,52.1,0,0.2,11.8,0.8,1.1,77.1,5.6,1.5,0.5,1.3,1,6,0,20.59,221,Kyle O'Quinn,C,New York Knicks,"$3,918,750 "
267,Leandro Barbosa,PHX,,,G,67,14.4,6.3,2.6,5.9,43.9,0.5,1.5,35.7,0.6,0.7,88.9,1.6,1.2,0.5,0.1,0.7,0,0,11.53,214,Leandro Barbosa,G,Phoenix Suns,"$4,000,000 "
268,Mindaugas Kuzminskas,NY,,,F,68,14.9,6.3,2.3,5.4,42.9,0.8,2.5,32.1,0.8,1,80.9,1.9,1,0.4,0.2,0.8,0,0,12.45,259,Mindaugas Kuzminskas,F,New York Knicks,"$2,898,000 "
269,Dante Exum,UTAH,,,PG,66,18.6,6.2,2.3,5.5,42.7,0.7,2.3,29.5,0.9,1.1,79.5,2,1.7,0.3,0.2,1.2,0,0,8.58,220,Dante Exum,PG,Utah Jazz,"$3,940,320 "
270,Spencer Hawes,MIL,CHA,,PF,54,14.8,6.2,2.5,5.1,48.4,0.5,1.5,30.9,0.8,1,84.6,3.5,1.5,0.3,0.6,0.9,3,0,15.69,155,Spencer Hawes,PF,Milwaukee Bucks,"$6,348,759 "
271,Ramon Sessions,CHA,,,G,50,16.2,6.2,2,5.3,38,0.4,1.2,33.9,1.8,2.4,77.1,1.5,2.6,0.5,0.1,0.9,0,0,12.34,164,Ramon Sessions,G,Charlotte Hornets,"$6,000,000 "
272,Jonathan Gibson,DAL,,,G,17,13.6,6.2,2.1,5.6,36.8,0.9,2.6,33.3,1.2,1.7,72.4,1.3,1.5,0.5,0,1.2,0,0,9.52,550,Jonathan Gibson,G,Dallas Mavericks,"$469,943 "
273,Mike Muscala,ATL,,,C,70,17.7,6.2,2.4,4.8,50.4,0.7,1.6,41.8,0.7,0.9,76.6,3.4,1.4,0.4,0.6,0.8,0,0,14.43,375,Mike Muscala,C,Atlanta Hawks,"$1,015,696 "
274,Nemanja Bjelica,MIN,,,PF,65,18.3,6.2,2.3,5.5,42.4,0.9,2.7,31.6,0.7,0.9,73.8,3.8,1.2,0.6,0.3,0.9,3,0,11,225,Nemanja Bjelica,PF,Minnesota Timberwolves,"$3,800,000 "
275,Trey Lyles,UTAH,,,PF,71,16.3,6.2,2.2,6.2,36.2,0.9,2.9,31.9,0.8,1.1,72.2,3.3,1,0.4,0.3,0.9,1,0,9.97,284,Trey Lyles,PF,Utah Jazz,"$2,340,600 "
276,Jonathon Simmons,SA,,,G,78,17.8,6.2,2.3,5.4,42,0.4,1.3,29.4,1.3,1.7,75,2.1,1.6,0.6,0.3,1,0,0,9.91,447,Jonathon Simmons,G,San Antonio Spurs,"$874,636 "
277,Chandler Parsons,MEM,,,SF,34,19.9,6.2,2.2,6.5,33.8,0.7,2.7,26.9,1,1.3,81.4,2.5,1.6,0.6,0.1,0.7,0,0,7.69,20,Chandler Parsons,SF,Memphis Grizzlies,"$22,116,750 "
278,Troy Williams,MEM,HOU,,F,30,18.6,6.2,2.4,5.6,43.7,0.6,2.1,29,0.7,1.1,65.6,2.3,0.8,0.9,0.3,1.1,0,0,9.06,576,Troy Williams,F,Houston Rockets,"$76,725 "
279,JaVale McGee,GS,,,C,77,9.6,6.1,2.7,4.1,65.2,0,0,0,0.7,1.4,50.5,3.2,0.2,0.2,0.9,0.5,0,0,25.26,335,JaVale McGee,C,Golden State Warriors,"$1,403,611 "
280,Zaza Pachulia,GS,,,C,70,18.1,6.1,2.3,4.4,53.4,0,0,0,1.4,1.8,77.8,5.9,1.9,0.8,0.5,1.2,4,0,16.14,263,Zaza Pachulia,C,Golden State Warriors,"$2,898,000 "
281,Derrick Williams,MIA,CLE,,PF,50,16.1,6.1,2.2,4.9,44.3,0.6,1.9,30.9,1.2,1.8,65.2,2.6,0.6,0.3,0.2,0.6,0,0,10.72,572,Derrick Williams,PF,Cleveland Cavaliers,"$115,344 "
282,Glenn Robinson III,IND,,,F,69,20.7,6.1,2.3,4.9,46.7,0.7,1.8,39.2,0.8,1.1,71.1,3.6,0.7,0.6,0.3,0.5,3,0,11.49,370,Glenn Robinson III,F,Indiana Pacers,"$1,050,500 "
283,Luc Mbah a Moute,LAC,,,F,80,22.3,6.1,2.4,4.7,50.5,0.5,1.4,39.1,0.7,1.1,67.8,2.1,0.5,1,0.4,0.6,0,0,10.25,292,Luc Mbah a Moute,F,LA Clippers,"$2,203,000 "
284,David Nwaba,LAL,,,SF,20,19.9,6,2.4,4.1,58,0.1,0.3,20,1.3,2,64.1,3.2,0.7,0.6,0.4,0.6,0,0,12.06,578,David Nwaba,SF,Los Angeles Lakers,"$73,528 "
284,Jordan Farmar,SAC,,,PG,2,17.5,6,2,6,33.3,2,4.5,44.4,0,0,0,1.5,4.5,1,0,1.5,0,0,14.43,394,Jordan Farmar,PG,Sacramento Kings,"$980,431 "
286,Lance Thomas,NY,,,F,46,21,6,2.1,5.3,39.8,0.8,1.8,44.7,0.9,1.1,84.3,3.1,0.8,0.5,0.1,0.5,1,0,8.39,158,Lance Thomas,F,New York Knicks,"$6,191,000 "
287,Alex Abrines,OKC,,,G,68,15.5,6,2,5,39.3,1.4,3.6,38.1,0.6,0.7,89.8,1.3,0.6,0.5,0.1,0.5,0,0,10.11,167,Alex Abrines,G,Oklahoma City Thunder,"$5,994,764 "
288,Bismack Biyombo,ORL,,,C,81,22.1,6,2.2,4.2,52.8,0,0,0,1.5,2.9,53.4,7,0.9,0.3,1.1,1.2,10,0,12.23,41,Bismack Biyombo,C,Orlando Magic,"$17,000,000 "
289,Domantas Sabonis,OKC,,,PF,81,20.1,5.9,2.4,5.9,39.9,0.6,2,32.1,0.5,0.8,65.7,3.6,1,0.5,0.4,1,2,0,6.93,280,Domantas Sabonis,PF,Oklahoma City Thunder,"$2,440,200 "
290,Andrew Harrison,MEM,,,G,72,20.5,5.9,1.6,5,32.5,0.6,2.2,27.6,2.1,2.7,76.3,1.9,2.8,0.7,0.3,1.2,0,0,8.69,440,Andrew Harrison,G,Memphis Grizzlies,"$945,000 "
291,Jerian Grant,CHI,,,G,63,16.3,5.9,2,4.8,42.5,0.8,2.1,36.6,1,1.2,89,1.8,1.9,0.7,0.1,0.7,1,0,13.21,319,Jerian Grant,G,Chicago Bulls,"$1,643,040 "
292,Quincy Acy,DAL,BKN,,F,38,14.7,5.8,1.8,4.5,41.2,1,2.4,41.1,1.2,1.6,75,3,0.5,0.4,0.4,0.6,0,0,11.87,313,Quincy Acy,F,Brooklyn Nets,"$1,790,092 "
293,Beno Udrih,DET,,,PG,39,14.4,5.8,2.4,5.1,46.7,0.3,0.8,34.4,0.8,0.9,94.1,1.5,3.4,0.3,0,0.9,0,0,16.2,427,Beno Udrih,PG,Detroit Pistons,"$980,431 "
294,Tarik Black,LAL,,,F,67,16.3,5.7,2.2,4.4,51.2,0,0,50,1.2,1.6,75.2,5.1,0.6,0.4,0.7,0.9,2,0,15.09,159,Tarik Black,F,Los Angeles Lakers,"$6,191,000 "
295,Taurean Prince,ATL,,,PF,59,16.6,5.7,1.9,4.8,40,0.6,1.7,32.4,1.3,1.6,78.7,2.7,0.9,0.7,0.5,1,0,0,9.88,287,Taurean Prince,PF,Atlanta Hawks,"$2,318,280 "
296,Jason Smith,WSH,,,F,74,14.4,5.7,2.4,4.4,52.9,0.5,1.1,47.4,0.5,0.7,68.6,3.5,0.5,0.3,0.7,0.8,0,0,13.61,193,Jason Smith,F,Washington Wizards,"$5,000,000 "
297,Richard Jefferson,CLE,,,F,79,20.4,5.7,1.9,4.3,44.6,0.8,2.4,33.3,1,1.4,74.1,2.6,1,0.3,0.1,0.7,1,0,8.29,276,Richard Jefferson,F,Cleveland Cavaliers,"$2,500,000 "
298,Quinn Cook,NO,DAL,,PG,14,13.4,5.6,2.4,4.7,50,0.8,1.9,42.3,0.1,0.4,40,0.5,1.9,0.3,0,0.9,0,0,11.9,591,Quinn Cook,PG,Dallas Mavericks,"$15,984 "
299,Georgios Papagiannis,SAC,,,C,22,16.1,5.6,2.5,4.6,54.9,0,0.1,0,0.5,0.6,85.7,3.9,0.9,0.1,0.8,1.1,2,0,12.72,293,Georgios Papagiannis,C,Sacramento Kings,"$2,202,240 "
300,Brandon Bass,LAC,,,PF,52,11.1,5.6,2.1,3.6,57.5,0,0.1,33.3,1.5,1.7,87.5,2.5,0.4,0.3,0.2,0.6,0,0,19.71,414,Brandon Bass,PF,LA Clippers,"$980,431 "
301,Ian Mahinmi,WSH,,,C,31,17.9,5.6,2.1,3.6,58.6,0,0,0,1.4,2.4,57.3,4.8,0.6,1.1,0.8,1.1,0,0,14.15,50,Ian Mahinmi,C,Washington Wizards,"$15,944,154 "
302,Gerald Green,BOS,,,G,47,11.4,5.6,2,4.9,40.9,0.8,2.4,35.1,0.7,0.9,80.5,1.8,0.7,0.2,0.1,0.5,0,0,12.02,420,Gerald Green,G,Boston Celtics,"$980,431 "
303,Delon Wright,TOR,,,SG,27,16.5,5.6,1.8,4.3,42.2,0.4,1.1,33.3,1.6,2,76.4,1.8,2.1,1,0.4,0.9,0,0,15,322,Delon Wright,SG,Toronto Raptors,"$1,577,280 "
304,Terry Rozier,BOS,,,SG,74,17.1,5.5,2,5.6,36.7,0.8,2.4,31.8,0.7,0.9,77.3,3.1,1.8,0.6,0.1,0.6,1,0,10.9,308,Terry Rozier,SG,Boston Celtics,"$1,906,440 "
305,Anthony Morrow,OKC,CHI,,SG,49,14.6,5.5,2,5.1,38.9,0.8,2.7,30.8,0.7,0.8,91.9,0.6,0.5,0.5,0,0.1,0,0,10.09,239,Anthony Morrow,SG,Chicago Bulls,"$3,488,000 "
306,Jerami Grant,OKC,PHI,,SF,80,19.1,5.5,1.9,4.1,46.3,0.5,1.5,37.1,1.1,1.8,61.2,2.6,0.6,0.4,1,0.6,0,0,10.14,425,Jerami Grant,SF,Oklahoma City Thunder,"$980,431 "
307,Boban Marjanovic,DET,,,C,35,8.4,5.5,2.1,3.8,54.5,0,0,0,1.3,1.7,81,3.7,0.3,0.2,0.3,0.3,5,0,29.7,145,Boban Marjanovic,C,Detroit Pistons,"$7,000,000 "
308,Paul Zipser,CHI,,,F,44,19.2,5.5,2,5,39.8,0.8,2.3,33.3,0.7,0.9,77.5,2.8,0.8,0.3,0.4,0.9,0,0,6.99,473,Paul Zipser,F,Chicago Bulls,"$750,000 "
309,Meyers Leonard,POR,,,C,74,16.5,5.4,2,5.1,38.6,1,2.9,34.7,0.5,0.5,87.5,3.2,1,0.2,0.4,0.5,1,0,8.96,114,Meyers Leonard,C,Portland Trail Blazers,"$9,213,483 "
310,Joffrey Lauvergne,OKC,CHI,,F,70,14,5.4,2.1,4.8,44,0.5,1.4,33.7,0.7,1,63,3.6,1,0.4,0.1,0.8,0,0,12.63,316,Joffrey Lauvergne,F,Chicago Bulls,"$1,709,719 "
311,Malcolm Delaney,ATL,,,G,73,17.1,5.4,2,5.3,37.4,0.4,1.5,23.6,1,1.3,80.6,1.7,2.6,0.5,0,1.3,0,0,7.56,277,Malcolm Delaney,G,Atlanta Hawks,"$2,500,000 "
312,Alexis Ajinca,NO,,,C,39,15,5.3,2.3,4.6,50,0,0.1,0,0.7,1,72.5,4.5,0.3,0.5,0.6,0.8,1,0,12.91,200,Alexis Ajinca,C,New Orleans Pelicans,"$4,638,203 "
313,Chasson Randle,NY,PHI,,PG,26,11.5,5.3,1.5,3.8,40.8,0.6,1.8,34,1.6,1.7,95.3,1.3,1.3,0.3,0.1,0.7,0,0,13.81,567,Chasson Randle,PG,Philadelphia 76ers,"$143,860 "
314,Willie Reed,MIA,,,C,71,14.5,5.3,2.3,4,56.8,0,0.1,25,0.7,1.2,55.7,4.7,0.4,0.3,0.7,0.4,4,0,17.14,383,Willie Reed,C,Miami Heat,"$1,015,696 "
315,Derrick Jones Jr.,PHX,,,SF,32,17,5.3,2.1,3.8,56.2,0.1,0.3,27.3,0.9,1.3,70.7,2.5,0.4,0.4,0.4,0.4,0,0,12,539,Derrick Jones Jr.,SF,Phoenix Suns,"$543,471 "
316,Mike Dunleavy,ATL,CLE,,SG,53,15.9,5.2,1.8,4.2,42.3,1,2.5,39.6,0.7,0.8,80,2.2,0.9,0.3,0.1,0.5,0,0,10.11,195,Mike Dunleavy,SG,Atlanta Hawks,"$4,837,500 "
317,Randy Foye,BKN,,,SG,69,18.6,5.2,1.7,4.7,36.3,1,2.9,33,0.8,0.9,85.7,2.2,2,0.5,0.1,1.2,0,0,7.33,275,Randy Foye,SG,Brooklyn Nets,"$2,500,000 "
318,Omri Casspi,SAC,NO,MIN,F,36,17.9,5.2,2.1,4.6,46.7,0.4,1.2,34.9,0.5,0.8,58.6,3.1,1,0.6,0.1,0.8,0,0,9.98,568,Omri Casspi,F,Minnesota Timberwolves,"$138,414 "
319,Cameron Payne,OKC,CHI,,PG,31,14.9,5.2,2.1,6.2,33.2,0.9,2.8,31.4,0.2,0.3,62.5,1.5,1.8,0.5,0.1,0.9,0,0,5.52,299,Cameron Payne,PG,Chicago Bulls,"$2,112,480 "
320,Hollis Thompson,NO,PHI,,F,40,18.8,5.1,1.9,5,38.5,0.8,2.4,33.7,0.5,0.7,65.5,2.8,0.9,0.5,0.2,0.3,0,0,7.93,571,Hollis Thompson,F,New Orleans Pelicans,"$115,344 "
321,Shaun Livingston,GS,,,G,76,17.7,5.1,2.3,4.2,54.7,0,0,33.3,0.6,0.8,70,2,1.8,0.5,0.3,0.8,0,0,10.1,172,Shaun Livingston,G,Golden State Warriors,"$5,782,450 "
322,Cheick Diallo,NO,,,F,17,11.7,5.1,2.1,4.5,47.4,0,0,0,0.9,1.2,71.4,4.3,0.2,0.2,0.4,0.4,3,0,16.89,528,Cheick Diallo,F,New Orleans Pelicans,"$543,471 "
323,Luis Scola,BKN,,,F,36,12.8,5.1,2,4.2,47,0.5,1.4,34,0.7,1,67.6,3.9,1,0.4,0.1,0.9,1,0,13.96,179,Luis Scola,F,Brooklyn Nets,"$5,500,000 "
324,Denzel Valentine,CHI,,,SG,57,17.1,5.1,1.8,5.1,35.4,1.3,3.6,35.1,0.2,0.3,77.8,2.6,1.1,0.5,0.1,0.9,1,0,7.32,300,Denzel Valentine,SG,Chicago Bulls,"$2,092,200 "
325,Dewayne Dedmon,SA,,,C,76,17.5,5.1,2.1,3.4,62.2,0,0,0,0.9,1.2,69.9,6.5,0.6,0.5,0.8,0.8,6,0,16,261,Dewayne Dedmon,C,San Antonio Spurs,"$2,898,000 "
326,Wayne Selden,NO,MEM,,G,14,16.9,5.1,1.8,4.1,43.1,0.5,2,25,1,1.6,63.6,1.1,0.9,0.4,0.1,0.9,0,0,6.96,575,Wayne Selden,G,New Orleans Pelicans,"$83,119 "
327,Joakim Noah,NY,,,C,46,22.1,5,2.2,4.4,49,0,0,0,0.7,1.7,43.6,8.8,2.2,0.7,0.8,1.3,5,0,15.25,43,Joakim Noah,C,New York Knicks,"$17,000,000 "
328,Thomas Robinson,LAL,,,F,48,11.7,5,2.2,4.1,53.6,0,0,0,0.6,1.4,47,4.6,0.6,0.5,0.2,1,1,0,17.38,437,Thomas Robinson,F,Los Angeles Lakers,"$980,431 "
329,Anthony Bennett,BKN,,,F,23,11.5,5,1.7,4,41.3,0.6,2.1,27.1,1.1,1.6,72.2,3.4,0.5,0.2,0.1,0.5,0,0,14.72,380,Anthony Bennett,F,Brooklyn Nets,"$1,015,696 "
329,Trey Burke,WSH,,,PG,57,12.3,5,2,4.5,45.5,0.5,1.2,44.3,0.4,0.5,75.9,0.8,1.8,0.2,0.1,0.8,0,0,10.9,240,Trey Burke,PG,Washington Wizards,"$3,386,598 "
331,Aaron Brooks,IND,,,G,65,13.8,5,1.9,4.6,40.3,0.7,2,37.5,0.5,0.6,80,1.1,1.9,0.4,0.1,1,0,0,9.62,271,Aaron Brooks,G,Indiana Pacers,"$2,700,000 "
332,Juancho Hernangomez,DEN,,,F,62,13.6,4.9,1.6,3.6,45.1,0.7,1.8,40.7,0.9,1.2,75,3,0.5,0.5,0.2,0.5,1,0,13.41,305,Juancho Hernangomez,F,Denver Nuggets,"$1,987,440 "
333,Mario Hezonja,ORL,,,F,65,14.8,4.9,1.8,5.1,35.5,0.7,2.2,29.9,0.6,0.8,80,2.2,1,0.5,0.2,0.9,0,0,7.27,222,Mario Hezonja,F,Orlando Magic,"$3,909,840 "
334,Tiago Splitter,ATL,PHI,,C,8,9.5,4.9,1.8,3.9,45.2,0.3,0.8,33.3,1.1,1.4,81.8,2.8,0.5,0.1,0.1,0.8,0,0,15.06,119,Tiago Splitter,C,Philadelphia 76ers,"$8,550,000 "
334,Toney Douglas,MEM,,,PG,24,16.4,4.9,1.8,4.9,36.8,0.3,1.8,16.7,1,1.2,82.8,2.5,2.3,0.8,0.2,0.9,0,0,10.61,551,Toney Douglas,PG,Memphis Grizzlies,"$379,159 "
336,Aron Baynes,DET,,,C,75,15.5,4.9,1.9,3.7,51.3,0,0,0,1.1,1.3,84,4.4,0.4,0.2,0.5,0.7,2,0,13.11,152,Aron Baynes,C,Detroit Pistons,"$6,500,000 "
337,Josh McRoberts,MIA,,,PF,22,17.3,4.9,2,5.4,37.3,0.6,1.4,41.9,0.3,0.4,66.7,3.4,2.3,0.5,0.2,1,0,0,9.79,173,Josh McRoberts,PF,Miami Heat,"$5,782,450 "
338,Jarell Eddie,PHX,,,F,5,12.4,4.8,1.2,3.8,31.6,0.8,3.2,25,1.6,1.8,88.9,1.4,0,0.2,0,0.2,0,0,9.68,583,Jarell Eddie,F,Phoenix Suns,"$57,672 "
339,Cristiano Felicio,CHI,,,PF,66,15.8,4.8,1.9,3.3,57.9,0,0,0,0.9,1.4,64.5,4.7,0.6,0.4,0.3,0.5,3,0,15.34,470,Cristiano Felicio,PF,Chicago Bulls,"$874,636 "
340,Luke Babbitt,MIA,,,F,68,15.7,4.8,1.7,4.1,40.2,1.3,3.1,41.4,0.2,0.2,73.3,2.1,0.5,0.3,0.2,0.4,0,0,8.32,350,Luke Babbitt,F,Miami Heat,"$1,227,286 "
341,Kevin Seraphin,IND,,,C,49,11.4,4.7,2.2,4,55.1,0,0,0,0.3,0.4,63.6,2.9,0.5,0.1,0.4,0.6,0,0,14.47,311,Kevin Seraphin,C,Indiana Pacers,"$1,800,000 "
342,David West,GS,,,F,68,12.6,4.6,2,3.7,53.6,0,0.1,37.5,0.6,0.8,76.8,3,2.2,0.6,0.7,1.2,0,0,16.57,424,David West,F,Golden State Warriors,"$980,431 "
343,Isaiah Canaan,CHI,,,G,39,15.2,4.6,1.6,4.4,36.4,0.6,2.4,26.6,0.8,0.8,90.9,1.3,0.9,0.6,0,0.5,0,0,8.12,377,Isaiah Canaan,G,Chicago Bulls,"$1,015,696 "
344,Boris Diaw,UTAH,,,C,73,17.6,4.6,2,4.5,44.6,0.3,1.1,24.7,0.4,0.5,74.3,2.2,2.3,0.2,0.1,1.2,0,0,9.04,143,Boris Diaw,C,Utah Jazz,"$7,000,000 "
345,Roy Hibbert,MIL,DEN,CHA,C,48,14.2,4.6,1.7,3.1,54.4,0,0,0,1.3,1.6,81.3,3.2,0.4,0.2,1,0.7,1,0,13.58,192,Roy Hibbert,C,Denver Nuggets,"$5,000,000 "
346,Kris Humphries,ATL,,,PF,56,12.3,4.6,1.6,3.8,40.7,0.3,1,35.2,1.1,1.5,78,3.7,0.5,0.3,0.4,0.5,0,0,13.65,215,Kris Humphries,PF,Atlanta Hawks,"$4,000,000 "
347,Reggie Bullock,DET,,,SF,31,15.1,4.5,1.7,4.1,42.2,0.9,2.4,38.4,0.2,0.2,71.4,2.1,0.9,0.6,0.1,0.3,0,0,11.74,289,Reggie Bullock,SF,Detroit Pistons,"$2,255,644 "
348,C.J. Watson,ORL,,,PG,62,16.3,4.5,1.5,4,38.7,0.5,1.7,30.5,0.9,1.1,86.4,1.4,1.8,0.7,0,0.8,0,0,9.3,189,C.J. Watson,PG,Orlando Magic,"$5,000,000 "
349,Corey Brewer,LAL,HOU,,F,82,15.6,4.5,1.8,4.2,42.2,0.3,1.4,22.9,0.6,0.8,73.5,2,1.2,0.7,0.2,0.7,0,0,9.16,137,Corey Brewer,F,Los Angeles Lakers,"$7,612,172 "
350,Davis Bertans,SA,,,SF,67,12.1,4.5,1.5,3.5,44,1,2.6,39.9,0.4,0.5,82.4,1.5,0.7,0.3,0.4,0.5,0,0,12.94,537,Davis Bertans,SF,San Antonio Spurs,"$543,471 "
351,Reggie Williams,NO,,,SF,6,13.2,4.5,1.3,3.8,34.8,0.8,1.8,45.5,1,1.2,85.7,1,0.7,0.5,0,0,0,0,11.69,444,Reggie Williams,SF,New Orleans Pelicans,"$895,197 "
352,Jarrod Uthoff,DAL,,,F,9,12.8,4.4,1.8,4.2,42.1,0.3,1,33.3,0.6,0.8,71.4,2.6,1,0.2,0.4,0.3,0,0,14.06,585,Jarrod Uthoff,F,Dallas Mavericks,"$47,953 "
353,Lucas Nogueira,TOR,,,C,57,19.1,4.4,1.8,2.7,66,0.1,0.2,25,0.8,1.2,65.7,4.3,0.7,0.9,1.6,0.8,0,0,15.51,306,Lucas Nogueira,C,Toronto Raptors,"$1,921,320 "
354,Noah Vonleh,POR,,,F,74,17.1,4.4,1.8,3.6,48.1,0.1,0.3,35,0.8,1.3,63.8,5.2,0.4,0.4,0.4,0.9,4,0,10.78,267,Noah Vonleh,F,Portland Trail Blazers,"$2,751,360 "
355,Donatas Motiejunas,NO,HOU,,F,34,14.1,4.4,1.7,4.1,41.3,0.3,1.4,23.4,0.7,1.4,51,3,0.9,0.5,0.3,0.9,0,0,9.13,481,Donatas Motiejunas,F,New Orleans Pelicans,"$576,724 "
356,Stanley Johnson,DET,,,PF,77,17.8,4.4,1.7,4.7,35.3,0.6,2,29.2,0.5,0.7,67.9,2.5,1.4,0.7,0.3,0.9,0,0,7.18,257,Stanley Johnson,PF,Detroit Pistons,"$2,969,880 "
357,Pierre Deshawn Jackson,DAL,,,PG,8,10.5,4.4,1.6,4.9,33.3,0.4,1.4,27.3,0.8,0.9,85.7,1.1,2.4,0.3,0,0.4,0,0,13.1,589,Pierre Deshawn Jackson,PG,Dallas Mavericks,31969
358,Jordan McRae,CLE,,,G,37,10.4,4.4,1.6,4.1,38.7,0.5,1.4,35.3,0.7,0.9,79.4,1.1,0.5,0.2,0.2,0.4,0,0,9.77,466,Jordan McRae,G,Cleveland Cavaliers,"$874,636 "
359,Ed Davis,POR,,,C,46,17.2,4.3,1.6,3.1,52.8,0,0,0,1.1,1.8,61.7,5.3,0.6,0.3,0.5,0.8,3,0,11.5,147,Ed Davis,C,Portland Trail Blazers,"$6,666,667 "
360,Dorian Finney-Smith,DAL,,,PF,81,20.3,4.3,1.5,4.1,37.2,0.7,2.4,29.3,0.6,0.8,75.4,2.7,0.8,0.6,0.3,0.6,0,0,7.68,536,Dorian Finney-Smith,PF,Dallas Mavericks,"$543,471 "
361,Tyler Ennis,LAL,HOU,,G,53,11.1,4.3,1.7,3.9,43.3,0.5,1.3,38.6,0.4,0.5,84,0.8,1.6,0.5,0,0.8,0,0,10.94,314,Tyler Ennis,G,Los Angeles Lakers,"$1,733,880 "
362,KJ McDaniels,BKN,HOU,,F,49,10.3,4.2,1.6,3.4,45.6,0.4,1.3,30.3,0.7,0.8,84.2,1.7,0.3,0.4,0.4,0.6,0,0,11.59,242,KJ McDaniels,F,Brooklyn Nets,"$3,333,333 "
363,Brandon Rush,MIN,,,F,47,21.9,4.2,1.5,4,37.4,0.9,2.4,38.6,0.3,0.4,72.2,2.1,1,0.5,0.5,0.6,0,0,6.62,237,Brandon Rush,F,Minnesota Timberwolves,"$3,500,000 "
364,Pascal Siakam,TOR,,,PF,55,15.6,4.2,1.9,3.7,50.2,0,0.1,14.3,0.4,0.6,68.8,3.4,0.3,0.5,0.8,0.6,0,0,11.52,355,Pascal Siakam,PF,Toronto Raptors,"$1,196,040 "
365,Jason Terry,MIL,,,G,74,18.4,4.1,1.4,3.3,43.2,1,2.3,42.7,0.3,0.4,82.8,1.4,1.3,0.6,0.3,0.5,0,0,9.11,411,Jason Terry,G,Milwaukee Bucks,"$980,431 "
366,Ron Baker,NY,,,G,52,16.5,4.1,1.6,4.2,37.8,0.4,1.7,26.7,0.5,0.8,65.1,1.9,2.1,0.7,0.2,1.1,0,0,7.51,496,Ron Baker,G,New York Knicks,"$543,471 "
367,Shabazz Napier,POR,,,G,53,9.7,4.1,1.4,3.5,39.9,0.6,1.7,37,0.7,0.9,77.6,1.2,1.3,0.6,0,0.8,0,0,13.61,341,Shabazz Napier,G,Portland Trail Blazers,"$1,350,120 "
368,Edy Tavares,ATL,CLE,,C,2,14,4,2,2.5,80,0,0,0,0,1.5,0,5.5,0.5,0,3,1,0,0,21.3,384,Edy Tavares,C,Cleveland Cavaliers,"$1,000,000 "
368,Justin Harper,PHI,,,PF,3,10.3,4,1.7,4,41.7,0.7,2.3,28.6,0,0,0,1.7,0.7,0,0,1.3,0,0,5.02,581,Justin Harper,PF,Philadelphia 76ers,"$57,672 "
370,Patrick McCaw,GS,,,SF,71,15.1,4,1.5,3.5,43.3,0.6,1.7,33.3,0.4,0.5,78.4,1.4,1.1,0.5,0.2,0.5,0,0,8.6,487,Patrick McCaw,SF,Golden State Warriors,"$543,471 "
371,Thon Maker,MIL,,,F,57,9.9,4,1.5,3.2,45.9,0.5,1.3,37.8,0.6,0.9,65.3,2,0.4,0.2,0.5,0.3,0,0,14.08,274,Thon Maker,F,Milwaukee Bucks,"$2,568,600 "
372,Kay Felder,CLE,,,G,42,9.2,4,1.5,3.8,39.2,0.2,0.5,31.8,0.8,1.2,71.4,1,1.4,0.4,0.2,0.7,0,0,11.41,488,Kay Felder,G,Cleveland Cavaliers,"$543,471 "
373,Jarell Martin,MEM,,,F,42,13.3,3.9,1.4,3.6,38.4,0.2,0.6,36,1,1.2,80,3.9,0.2,0.4,0.2,0.7,1,0,8.74,348,Jarell Martin,F,Memphis Grizzlies,"$1,286,160 "
374,Anthony Brown,NO,ORL,,F,11,14.5,3.9,1.6,4.5,36,0.6,2.5,25.9,0,0,0,3,0.7,0.5,0.1,0.5,0,0,7.2,580,Anthony Brown,F,Orlando Magic,"$57,672 "
375,Jonas Jerebko,BOS,,,F,78,15.8,3.8,1.5,3.4,43.5,0.6,1.7,34.6,0.3,0.5,70.3,3.5,0.9,0.3,0.2,0.5,0,0,9.29,191,Jonas Jerebko,F,Boston Celtics,"$5,000,000 "
376,Malik Beasley,DEN,,,SG,22,7.5,3.8,1.5,3.3,45.2,0.4,1.3,32.1,0.4,0.5,80,0.8,0.5,0.3,0,0.4,0,0,13.79,320,Malik Beasley,SG,Denver Nuggets,"$1,627,320 "
377,Kris Dunn,MIN,,,PG,78,17.1,3.8,1.5,4,37.7,0.3,0.9,28.8,0.5,0.8,61,2.1,2.4,1,0.5,1.1,1,0,8.13,223,Kris Dunn,PG,Minnesota Timberwolves,"$3,872,520 "
378,Malachi Richardson,SAC,,,G,22,9,3.6,1.3,3.1,41.2,0.4,1.3,28.6,0.7,0.9,78.9,1,0.5,0.2,0,0.4,0,0,9.65,333,Malachi Richardson,G,Sacramento Kings,"$1,439,800 "
379,Adreian Payne,MIN,,,PF,18,7.5,3.5,1.3,3,42.6,0.2,0.8,20,0.8,1.1,73.7,1.8,0.4,0.4,0.4,0.4,0,0,14.44,303,Adreian Payne,PF,Minnesota Timberwolves,"$2,022,240 "
380,Tyler Zeller,BOS,,,C,51,10.3,3.5,1.5,3.1,49.4,0,0,0,0.4,0.8,56.4,2.4,0.8,0.1,0.4,0.4,1,0,13.04,132,Tyler Zeller,C,Boston Celtics,"$8,000,000 "
381,Tyus Jones,MIN,,,PG,60,12.9,3.5,1.3,3,41.4,0.4,1.2,35.6,0.6,0.7,76.7,1.1,2.6,0.8,0.1,0.6,0,0,13.86,344,Tyus Jones,PG,Minnesota Timberwolves,"$1,339,680 "
382,Brian Roberts,CHA,,,PG,41,10.1,3.5,1.1,3,37.7,0.4,1.1,38.6,0.8,1,84.6,1,1.3,0.2,0,0.6,0,0,9.84,385,Brian Roberts,PG,Charlotte Hornets,"$980,431 "
382,Rashad Vaughn,MIL,,,G,41,11.2,3.5,1.4,3.8,36.5,0.6,2,32.1,0,0.1,40,1.2,0.6,0.5,0.2,0.3,0,0,7.85,310,Rashad Vaughn,G,Milwaukee Bucks,"$1,811,040 "
384,Johnny O'Bryant III,DEN,CHA,,F,11,7.3,3.5,1.4,2.7,50,0.3,0.5,50,0.5,0.5,83.3,1.7,0.5,0,0.1,0.5,0,0,14.93,566,Johnny O'Bryant III,F,Charlotte Hornets,"$161,483 "
385,Jose Calderon,ATL,LAL,,G,41,13.1,3.4,1.3,3.3,41,0.5,1.6,31.3,0.3,0.3,91.7,1.8,2.1,0.3,0,1,0,0,8.94,558,Jose Calderon,G,Atlanta Hawks,"$247,991 "
386,Dejounte Murray,SA,,,PG,38,8.5,3.4,1.3,3.1,43.1,0.2,0.6,39.1,0.6,0.8,70,1.1,1.3,0.2,0.2,1,0,0,9.69,362,Dejounte Murray,PG,San Antonio Spurs,"$1,180,080 "
387,Kyle Anderson,SA,,,SF,72,14.2,3.4,1.3,2.9,44.5,0.2,0.6,37.5,0.6,0.8,78.9,2.9,1.3,0.7,0.4,0.5,0,0,12.59,356,Kyle Anderson,SF,San Antonio Spurs,"$1,192,080 "
388,Dragan Bender,PHX,,,F,43,13.3,3.4,1.3,3.7,35.4,0.7,2.3,27.7,0.1,0.3,36.4,2.4,0.5,0.2,0.5,0.7,1,0,5.32,208,Dragan Bender,F,Phoenix Suns,"$4,276,320 "
389,Jared Sullinger,TOR,,,C,11,10.7,3.4,1.4,4.3,31.9,0.3,1.6,16.7,0.4,0.7,50,2.5,0.3,0.4,0.1,0.4,0,0,6,177,Jared Sullinger,C,Toronto Raptors,"$5,628,000 "
390,Gary Payton II,MIL,,,SG,6,16.5,3.3,1.3,3.7,36.4,0.2,1.5,11.1,0.5,0.8,60,2,2.2,0.5,0.7,1.7,0,0,4.53,587,Gary Payton II,SG,Milwaukee Bucks,"$35,116 "
391,Norris Cole,OKC,,,F,13,9.6,3.3,1.2,4,30.8,0.2,1,23.1,0.6,0.8,80,0.8,1.1,0.6,0,0.5,0,0,5.44,557,Norris Cole,F,Oklahoma City Thunder,"$247,991 "
392,Nicolas Laprovittola,SA,,,G,18,9.7,3.3,1.1,2.6,42.6,0.6,1.5,37,0.5,0.5,100,0.6,1.6,0.2,0.1,1.1,0,0,8.45,505,Nicolas Laprovittola,G,San Antonio Spurs,"$543,471 "
393,Darrun Hilliard,DET,,,G,39,9.8,3.3,1.2,3.2,37.3,0.3,1.2,26.1,0.5,0.7,75,0.8,0.8,0.3,0.1,0.7,0,0,5.9,451,Darrun Hilliard,G,Detroit Pistons,"$874,636 "
394,Paul Pierce,LAC,,,SF,25,11.1,3.2,1.1,2.8,40,0.6,1.7,34.9,0.4,0.5,76.9,1.9,0.4,0.2,0.2,0.6,0,0,5.69,235,Paul Pierce,SF,LA Clippers,"$3,527,920 "
395,Wade Baldwin IV,MEM,,,G,33,12.3,3.2,1.1,3.5,31.3,0.1,0.7,13.6,0.9,1.1,83.8,1.4,1.8,0.5,0.2,1.2,0,0,6.58,312,Wade Baldwin IV,G,Memphis Grizzlies,"$1,793,760 "
396,Henry Ellenson,DET,,,PF,19,7.7,3.2,1.2,3.4,35.9,0.5,1.8,29.4,0.2,0.4,50,2.2,0.4,0.1,0.1,0.7,1,0,7.52,317,Henry Ellenson,PF,Detroit Pistons,"$1,704,120 "
397,Briante Weber,GS,CHA,,G,20,10.3,3.1,1.3,3,41.7,0.1,0.5,10,0.6,0.8,68.8,1.3,1.1,0.6,0.1,0.4,0,0,11.17,569,Briante Weber,G,Charlotte Hornets,"$128,623 "
398,Maurice Ndour,NY,,,SF,32,10.3,3.1,1.2,2.7,45.9,0,0.2,14.3,0.6,0.8,73.1,2,0.3,0.5,0.2,0.4,1,0,11.17,511,Maurice Ndour,SF,New York Knicks,"$543,471 "
399,Jakob Poeltl,TOR,,,C,54,11.6,3.1,1.2,2.1,58.3,0,0,0,0.6,1.1,54.4,3.1,0.2,0.3,0.4,0.5,0,0,12.19,270,Jakob Poeltl,C,Toronto Raptors,"$2,703,960 "
400,Jarrett Jack,NO,,,G,2,16.5,3,1,1.5,66.7,0,0.5,0,1,1,100,0,2.5,1,0,1.5,0,0,7.68,584,Jarrett Jack,G,New Orleans Pelicans,"$57,672 "
400,Sheldon Mac,WSH,,,G,30,9.6,3,1,2.5,40,0.2,1,23.3,0.8,0.9,85.2,1.1,0.5,0.3,0.1,0.2,0,0,10.1,538,Sheldon Mac,G,Washington Wizards,"$543,471 "
402,Sasha Vujacic,NY,,,SG,42,9.7,3,1,3.2,30.9,0.5,1.8,31.1,0.4,0.6,70.8,1.4,1.2,0.3,0,0.4,0,0,8.51,402,Sasha Vujacic,SG,New York Knicks,"$980,431 "
403,Andrew Bogut,CLE,DAL,PHI,C,27,21.6,2.9,1.4,3,46.9,0,0,0,0.1,0.4,27.3,8.1,1.8,0.5,0.9,1.6,0,0,9.31,560,Andrew Bogut,C,Cleveland Cavaliers,"$242,224 "
404,Salah Mejri,DAL,,,C,73,12.4,2.9,1.2,1.9,64.2,0,0,33.3,0.5,0.8,59,4.2,0.2,0.4,0.8,0.5,1,0,14.86,468,Salah Mejri,C,Dallas Mavericks,"$874,636 "
405,Lavoy Allen,IND,,,F,61,14.3,2.9,1.3,2.8,45.8,0,0,0,0.4,0.5,69.7,3.6,0.9,0.3,0.4,0.5,2,0,11.65,213,Lavoy Allen,F,Indiana Pacers,"$4,000,000 "
406,Fred VanVleet,TOR,,,SG,37,7.9,2.9,1.1,3,35.1,0.3,0.8,37.9,0.5,0.6,81.8,1.1,0.9,0.4,0.1,0.4,0,0,10.54,490,Fred VanVleet,SG,Toronto Raptors,"$543,471 "
407,Alan Anderson,LAC,,,SG,30,10.3,2.9,1,2.7,37.5,0.5,1.5,31.8,0.4,0.5,75,0.8,0.4,0.1,0,0.2,0,0,5,413,Alan Anderson,SG,LA Clippers,"$980,431 "
408,Jeff Withey,UTAH,,,C,51,8.5,2.9,1.1,2,53.4,0,0,0,0.7,0.9,75,2.4,0.1,0.3,0.6,0.3,0,0,18.83,382,Jeff Withey,C,Utah Jazz,"$1,015,696 "
409,Semaj Christon,OKC,,,PG,64,15.2,2.9,1.2,3.5,34.5,0.2,1,19,0.3,0.5,54.8,1.4,2,0.4,0.1,0.7,0,0,5.72,502,Semaj Christon,PG,Oklahoma City Thunder,"$543,471 "
410,James Michael McAdoo,GS,,,SF,52,8.8,2.8,1.2,2.3,53,0,0.2,25,0.4,0.8,50,1.7,0.3,0.3,0.6,0.4,0,0,13.14,396,James Michael McAdoo,SF,Golden State Warriors,"$980,431 "
411,Chinanu Onuaku,HOU,,,C,5,10.4,2.8,1,1.4,71.4,0,0,0,0.8,0.8,100,2,0.6,0.6,0.2,0.8,0,0,12.3,508,Chinanu Onuaku,C,Houston Rockets,"$543,471 "
411,Okaro White,MIA,,,F,35,13.5,2.8,0.9,2.5,37.9,0.3,1,35.3,0.6,0.6,90.9,2.3,0.6,0.3,0.3,0.5,0,0,7.54,562,Okaro White,F,Miami Heat,"$210,995 "
411,Marcus Georges-Hunt,MIA,ORL,,F,5,9.6,2.8,0.4,1.4,28.6,0.2,0.4,50,1.8,2,90,1.8,0.6,0.2,0,0.4,0,0,10.25,,Marcus Georges-Hunt,F,,
414,Nicolas Brussino,DAL,,,SF,54,9.6,2.8,1,2.6,36.9,0.5,1.8,30.5,0.3,0.4,77.3,1.7,0.9,0.3,0.1,0.5,0,0,10.75,548,Nicolas Brussino,SF,Dallas Mavericks,"$543,471 "
415,James Jones,CLE,,,SG,48,7.9,2.8,0.9,1.9,47.8,0.6,1.4,47,0.3,0.4,65,0.8,0.3,0.1,0.2,0.2,0,0,11.19,432,James Jones,SG,Cleveland Cavaliers,"$980,431 "
415,Axel Toupane,NO,MIL,,SG,4,11.8,2.8,1.3,2.3,55.6,0.3,1,25,0,0,0,0.3,0,0.3,0.3,0,0,0,6.26,592,Axel Toupane,SG,New Orleans Pelicans,"$15,435 "
415,Kyle Singler,OKC,,,F,32,12,2.8,1.1,2.6,41,0.2,1.2,18.9,0.4,0.5,76.5,1.5,0.3,0.2,0.2,0.3,0,0,5.93,194,Kyle Singler,F,Oklahoma City Thunder,"$4,837,500 "
418,Omer Asik,NO,,,C,31,15.5,2.7,1,2.1,47.7,0,0,0,0.7,1.3,59,5.3,0.5,0.2,0.3,0.5,1,0,9.78,109,Omer Asik,C,New Orleans Pelicans,"$9,904,494 "
419,Marcelinho Huertas,LAL,,,PG,23,10.3,2.7,1.1,3,36.8,0.2,0.8,21.1,0.4,0.7,52.9,1,2.3,0.4,0.1,0.8,0,0,9.1,328,Marcelinho Huertas,PG,Los Angeles Lakers,"$1,500,000 "
420,Wesley Johnson,LAC,,,F,68,11.9,2.7,1.1,2.9,36.5,0.4,1.7,24.6,0.2,0.3,64.7,2.7,0.3,0.4,0.4,0.3,0,0,8.41,175,Wesley Johnson,F,LA Clippers,"$5,628,000 "
421,Tomas Satoransky,WSH,,,SG,57,12.6,2.7,1.1,2.6,41.5,0.2,0.6,24.3,0.4,0.6,69.7,1.5,1.6,0.5,0.1,0.7,1,0,8.49,266,Tomas Satoransky,SG,Washington Wizards,"$2,870,813 "
422,Christian Wood,CHA,,,C,13,8.2,2.7,0.9,1.8,52.2,0,0.4,0,0.8,1.2,73.3,2.2,0.2,0.2,0.5,0.5,0,0,15.1,464,Christian Wood,C,Charlotte Hornets,"$874,636 "
423,DeAndre' Bembry,ATL,,,SG,38,9.8,2.7,1.2,2.6,48,0,0.5,5.6,0.2,0.4,37.5,1.6,0.8,0.2,0.1,0.4,0,0,8.98,329,DeAndre' Bembry,SG,Atlanta Hawks,"$1,499,760 "
424,Andrew Nicholson,WSH,BKN,,F,38,9,2.6,1.1,2.9,38.7,0.1,0.7,18.5,0.2,0.4,64.3,1.6,0.3,0.4,0.2,0.4,0,0,5.97,160,Andrew Nicholson,F,Brooklyn Nets,"$6,088,993 "
425,Bryn Forbes,SA,,,SG,36,7.9,2.6,1,2.8,36.4,0.5,1.5,32.1,0.1,0.2,83.3,0.6,0.7,0,0,0.3,0,0,6.09,532,Bryn Forbes,SG,San Antonio Spurs,"$543,471 "
426,Kevon Looney,GS,,,C,53,8.4,2.5,1.1,2,52.3,0,0.2,22.2,0.4,0.6,61.8,2.3,0.5,0.3,0.3,0.3,0,0,13.6,361,Kevon Looney,C,Golden State Warriors,"$1,182,840 "
427,Pat Connaughton,POR,,,SG,39,8.1,2.5,0.9,1.8,51.4,0.4,0.8,51.5,0.2,0.2,77.8,1.3,0.7,0.2,0.1,0.4,0,0,11.84,458,Pat Connaughton,SG,Portland Trail Blazers,"$874,636 "
428,Miles Plumlee,MIL,CHA,,C,45,10.8,2.5,1,2,47.8,0,0,0,0.6,0.9,64.1,2.1,0.5,0.4,0.3,0.7,0,0,8.43,75,Miles Plumlee,C,Charlotte Hornets,"$12,500,000 "
429,Mike Scott,ATL,,,PF,18,10.8,2.5,0.9,3.3,28.8,0.2,1.5,14.8,0.4,0.4,87.5,2.1,0.9,0.2,0.2,0.4,0,0,5.95,241,Mike Scott,PF,Atlanta Hawks,"$3,333,334 "
429,Raul Neto,UTAH,,,PG,40,8.7,2.5,1,2.3,45.1,0.3,0.8,32.3,0.2,0.2,88.9,0.8,0.9,0.5,0.1,0.4,0,0,10.75,441,Raul Neto,PG,Utah Jazz,"$937,800 "
431,Bobby Brown,HOU,,,PG,25,4.9,2.5,0.9,2.4,38.3,0.6,1.4,40,0.1,0.1,100,0.2,0.6,0,0,0.2,0,0,10.9,475,Bobby Brown,PG,Houston Rockets,"$680,534 "
432,DeAndre Liggins,CLE,DAL,,G,62,12.5,2.5,0.9,2.3,38.7,0.3,0.7,37,0.4,0.6,62.5,1.7,0.9,0.8,0.2,0.7,0,0,7.51,378,DeAndre Liggins,G,Dallas Mavericks,"$1,015,696 "
433,James Young,BOS,,,G,29,7.6,2.3,0.9,2,43.1,0.4,1.2,34.3,0.2,0.3,66.7,0.9,0.1,0.3,0.1,0.1,0,0,10.08,309,James Young,G,Boston Celtics,"$1,825,200 "
434,Greivis Vasquez,BKN,,,PG,3,13,2.3,0.7,2.7,25,0.3,1,33.3,0.7,1,66.7,0.7,1.7,0.3,0.3,0.3,0,0,4.1,206,Greivis Vasquez,PG,Brooklyn Nets,"$4,347,826 "
434,Chris Andersen,CLE,,,PF,12,9.5,2.3,0.8,1.8,40.9,0,0.3,0,0.8,1.2,71.4,2.6,0.4,0.4,0.6,0.4,0,0,11.64,433,Chris Andersen,PF,Cleveland Cavaliers,"$980,431 "
436,Metta World Peace,LAL,,,SF,25,6.4,2.3,0.8,2.7,27.9,0.4,1.5,23.7,0.4,0.6,62.5,0.8,0.4,0.4,0.1,0.3,0,0,6.52,412,Metta World Peace,SF,Los Angeles Lakers,"$980,431 "
437,Chris McCullough,WSH,BKN,,F,16,5,2.3,1,2,50,0.1,0.4,14.3,0.2,0.3,60,1.2,0.1,0.1,0.1,0.2,0,0,15.28,358,Chris McCullough,F,Washington Wizards,"$1,191,480 "
438,Jake Layman,POR,,,SF,35,7.1,2.2,0.7,2.5,29.2,0.4,1.5,25.5,0.4,0.5,76.5,0.7,0.3,0.2,0.1,0.3,0,0,4.76,479,Jake Layman,SF,Portland Trail Blazers,"$600,000 "
439,AJ Hammons,DAL,,,C,22,7.4,2.2,0.8,1.9,40.5,0.2,0.5,50,0.4,0.9,45,1.6,0.2,0,0.6,0.5,0,0,8.41,477,AJ Hammons,C,Dallas Mavericks,"$650,000 "
440,Treveon Graham,CHA,,,F,27,7,2.1,0.7,1.5,47.5,0.3,0.6,60,0.4,0.6,66.7,0.8,0.2,0.2,0,0.1,0,0,10.61,518,Treveon Graham,F,Charlotte Hornets,"$543,471 "
441,Joe Young,IND,,,G,33,4.1,2.1,0.8,2.2,36.1,0.2,0.7,21.7,0.3,0.5,73.3,0.5,0.5,0.1,0,0.2,0,0,11.52,366,Joe Young,G,Indiana Pacers,"$1,052,342 "
442,Rakeem Christmas,IND,,,PF,29,7.6,2,0.7,1.5,44.2,0,0,0,0.7,1,72.4,1.9,0.1,0.1,0.2,0.3,0,0,10.41,365,Rakeem Christmas,PF,Indiana Pacers,"$1,052,342 "
443,Gary Neal,ATL,,,PG,2,9,2,0,3.5,0,0,1,0,2,2,100,0.5,0.5,0,0,0,0,0,-4.25,,Gary Neal,PG,,
443,Demetrius Jackson,BOS,,,G,5,3.4,2,0.6,0.8,75,0.2,0.2,100,0.6,1.2,50,0.8,0.6,0,0,0,0,0,30.87,332,Demetrius Jackson,G,Boston Celtics,"$1,450,000 "
443,Manny Harris,DAL,,,PG,4,6.3,2,0.8,3.8,20,0,0.5,0,0.5,1,50,2.3,0.5,0,0,0.5,0,0,-2.1,573,Manny Harris,PG,Dallas Mavericks,"$115,344 "
446,Udonis Haslem,MIA,,,PF,16,8.1,1.9,0.7,1.4,47.8,0,0.2,0,0.6,0.9,60,2.3,0.4,0.4,0.1,0.5,0,0,8.83,218,Udonis Haslem,PF,Miami Heat,"$4,000,000 "
446,Tim Quarterman,POR,,,G,16,5,1.9,0.8,1.8,44.8,0.3,0.8,38.5,0,0.2,0,0.9,0.7,0.1,0.2,0.7,0,0,10.22,524,Tim Quarterman,G,Portland Trail Blazers,"$543,471 "
448,Marshall Plumlee,NY,,,C,21,8.1,1.9,0.8,1.4,55.2,0,0,0,0.4,0.9,42.1,2.4,0.5,0.2,0.2,0.6,1,0,11.13,519,Marshall Plumlee,C,New York Knicks,"$543,471 "
449,Damian Jones,GS,,,C,10,8.5,1.9,0.8,1.6,50,0,0,0,0.3,1,30,2.3,0,0.1,0.4,0.6,0,0,5.32,363,Damian Jones,C,Golden State Warriors,"$1,171,560 "
450,Joel Bolomboy,UTAH,,,PF,12,4.4,1.8,0.8,1.3,56.3,0.1,0.3,25,0.3,0.5,50,1.4,0.2,0.1,0.2,0.2,0,0,19.75,480,Joel Bolomboy,PF,Utah Jazz,"$600,000 "
451,Damjan Rudez,ORL,,,SF,45,7,1.8,0.7,2,35.2,0.4,1.4,31.3,0,0,0,0.6,0.4,0.3,0,0.2,0,0,6.38,399,Damjan Rudez,SF,Orlando Magic,"$980,431 "
452,Lamar Patterson,ATL,,,SG,5,8,1.8,0.6,3,20,0.2,1.2,16.7,0.4,0.6,66.7,1.4,1.2,0.2,0,0.8,0,0,-1.83,559,Lamar Patterson,SG,Atlanta Hawks,"$246,956 "
453,John Jenkins,PHX,,,G,4,3.3,1.8,0.5,1.3,40,0.3,0.5,50,0.5,0.5,100,0.3,0.3,0,0,0,0,0,17.37,368,John Jenkins,G,Phoenix Suns,"$1,050,961 "
454,Jordan Hill,MIN,,,C,7,6.7,1.7,0.7,1.9,38.5,0,0,0,0.3,0.3,100,2,0,0.1,0,0.6,0,0,5.55,217,Jordan Hill,C,Minnesota Timberwolves,"$4,000,000 "
455,Cole Aldrich,MIN,,,C,62,8.6,1.7,0.7,1.4,52.3,0,0,0,0.2,0.4,68.2,2.5,0.4,0.4,0.4,0.3,1,0,12.69,136,Cole Aldrich,C,Minnesota Timberwolves,"$7,643,979 "
456,Nick Collison,OKC,,,F,20,6.4,1.7,0.7,1.2,60.9,0,0.1,0,0.3,0.4,62.5,1.6,0.6,0.1,0.1,0.2,0,0,12.95,226,Nick Collison,F,Oklahoma City Thunder,"$3,750,000 "
457,Deyonta Davis,MEM,,,F,36,6.6,1.6,0.7,1.3,51.1,0,0,0,0.3,0.5,55.6,1.7,0.1,0.1,0.5,0.2,0,0,10.61,339,Deyonta Davis,F,Memphis Grizzlies,"$1,369,299 "
458,Ryan Kelly,ATL,,,PF,16,6.9,1.6,0.5,1.8,28.6,0.3,0.6,40,0.3,0.4,83.3,1.1,0.5,0.3,0.3,0.3,0,0,7.84,553,Ryan Kelly,PF,Atlanta Hawks,"$286,785 "
459,Bruno Caboclo,TOR,,,F,9,4.4,1.6,0.7,1.8,37.5,0.2,0.7,33.3,0,0,0,1.1,0.4,0.2,0.1,0.2,0,0,14.62,321,Bruno Caboclo,F,Toronto Raptors,"$1,589,640 "
460,Jordan Mickey,BOS,,,F,25,5.6,1.5,0.6,1.4,44.1,0,0,0,0.3,0.6,57.1,1.4,0.3,0.1,0.2,0.4,0,0,9.89,352,Jordan Mickey,F,Boston Celtics,"$1,223,653 "
461,Jarnell Stokes,DEN,,,C,2,3.5,1.5,0.5,0.5,100,0,0,0,0.5,1,50,1,1,0.5,0,0,0,0,31.53,386,Jarnell Stokes,C,Denver Nuggets,"$980,431 "
461,Elijah Millsap,PHX,,,F,2,11.5,1.5,0.5,3.5,14.3,0,1,0,0.5,1,50,3,0.5,0,0,1,0,0,-3.41,590,Elijah Millsap,F,Phoenix Suns,"$23,069 "
463,Diamond Stone,LAC,,,C,7,3.4,1.4,0.4,1.9,23.1,0,0,0,0.6,0.6,100,0.9,0,0,0.1,0.3,0,0,-1.15,540,Diamond Stone,C,LA Clippers,"$543,471 "
464,Mike Miller,DEN,,,SG,20,7.6,1.4,0.5,1.2,39.1,0.4,1,40,0.1,0.1,100,1.9,1.1,0.1,0,0.7,0,0,7.58,238,Mike Miller,SG,Denver Nuggets,"$3,500,000 "
465,Brice Johnson,LAC,,,PF,3,3,1.3,0.7,2.3,28.6,0,0,0,0,0,0,1,0.3,0.7,0.3,0.3,0,0,17.28,349,Brice Johnson,PF,LA Clippers,"$1,273,920 "
466,Joel Anthony,SA,,,C,19,6.4,1.3,0.5,0.8,62.5,0,0,0,0.3,0.4,62.5,1.6,0.2,0.1,0.3,0.2,0,0,11.65,552,Joel Anthony,C,San Antonio Spurs,"$346,034 "
467,Anderson Varejao,GS,,,C,14,6.6,1.3,0.4,1,35.7,0,0,0,0.6,0.8,72.7,1.9,0.7,0.2,0.2,0.6,0,0,9.43,431,Anderson Varejao,C,Golden State Warriors,"$980,431 "
468,Daniel Ochefu,WSH,,,PF,19,3.9,1.3,0.6,1.4,44.4,0,0,0,0,0.1,0,1.2,0.2,0.1,0,0.2,0,0,6.64,495,Daniel Ochefu,PF,Washington Wizards,"$543,471 "
469,Stephen Zimmerman,ORL,,,C,19,5.7,1.2,0.5,1.6,32.3,0,0,0,0.2,0.3,60,1.8,0.2,0.1,0.3,0.2,0,0,7.32,439,Stephen Zimmerman,C,Orlando Magic,"$950,000 "
470,Mike Tobey,CHA,,,C,2,12.5,1,0.5,2,25,0,0,0,0,0,0,1.5,0.5,0,0,0.5,0,0,-0.06,579,Mike Tobey,C,Charlotte Hornets,"$67,135 "
470,Ronnie Price,PHX,,,PG,14,9.6,1,0.3,1.7,16.7,0.2,1.2,17.6,0.2,0.3,75,0.8,1.3,0.8,0.1,0.2,0,0,5.94,554,Ronnie Price,PG,Phoenix Suns,"$276,828 "
472,CJ Wilcox,ORL,,,G,22,4.9,1,0.4,1.4,25.8,0.1,0.7,20,0.1,0.1,100,0.5,0.5,0.1,0,0.3,0,0,2.9,353,CJ Wilcox,G,Orlando Magic,"$1,209,600 "
473,Kyle Wiltjer,HOU,,,F,14,3.1,0.9,0.3,1,28.6,0.3,0.9,30.8,0.1,0.1,50,0.7,0.1,0.2,0.1,0.4,0,0,6.78,491,Kyle Wiltjer,F,Houston Rockets,"$543,471 "
474,Georges Niang,IND,,,SF,23,4,0.9,0.4,1.6,25,0,0.5,8.3,0.1,0.1,100,0.7,0.2,0.1,0,0.2,0,0,0.12,476,Georges Niang,SF,Indiana Pacers,"$650,000 "
475,Alonzo Gee,DEN,,,SG,13,6.8,0.8,0.2,1.1,21.4,0,0.2,0,0.4,0.7,55.6,1.2,0.5,0.4,0.1,0.3,0,0,3.14,582,Alonzo Gee,SG,Denver Nuggets,"$57,672 "
476,Larry Sanders,CLE,,,PF,5,2.6,0.8,0.2,0.8,25,0,0,0,0.4,0.4,100,0.8,0,0.2,0.2,0.4,0,0,6.56,564,Larry Sanders,PF,Cleveland Cavaliers,"$207,722 "
477,Isaiah Taylor,HOU,,,G,4,13,0.8,0.3,1.8,14.3,0,0.5,0,0.3,0.5,50,0.8,0.8,0.3,0.3,0,0,0,0.28,556,Isaiah Taylor,G,Houston Rockets,"$255,000 "
478,Steve Novak,MIL,,,SF,8,2.8,0.6,0.3,0.9,28.6,0.1,0.8,16.7,0,0,0,0.4,0,0,0,0,0,0,1.35,410,Steve Novak,SF,Milwaukee Bucks,"$980,431 "
479,Arinze Onuaku,ORL,,,PF,8,3.5,0.5,0.3,0.5,50,0,0,0,0,0,0,0.8,0.3,0,0.1,0.3,0,0,5.79,400,Arinze Onuaku,PF,Orlando Magic,"$980,431 "
480,Michael Gbinije,DET,,,SG,9,3.6,0.4,0.1,1.1,10,0,0.4,0,0.2,0.2,100,0.3,0.2,0,0,0,0,0,-2.08,478,Michael Gbinije,SG,Detroit Pistons,"$650,000 "
481,John Lucas III,MIN,,,PG,5,2.2,0.4,0.2,0.8,25,0,0.2,0,0,0,0,0,0.2,0.4,0,0,0,0,9.17,406,John Lucas III,PG,Minnesota Timberwolves,"$980,431 "
482,Aaron Harrison,CHA,,,G,5,3.4,0.2,0,0.8,0,0,0.4,0,0.2,0.4,50,0.6,0.6,0,0,0,0,0,-2.16,467,Aaron Harrison,G,Charlotte Hornets,"$874,636 "
